date,region,device_type,revenue,orders,conversion_rate,marketing_spend,sessions
2024-01-01,East,Mobile,5718.55,98,0.0437,3228.45,2824
2024-01-01,East,Desktop,5396.98,118,0.0488,2929.58,1621
2024-01-01,West,Mobile,5777.56,94,0.0417,3526.91,2601
2024-01-01,West,Desktop,5730.1,87,0.0466,3722.94,1328
2024-01-01,North,Mobile,5586.26,97,0.0408,2786.29,2778
2024-01-01,North,Desktop,5044.37,86,0.0469,2909.9,1496
2024-01-01,South,Mobile,4045.42,122,0.0404,2841.34,2983
2024-01-01,South,Desktop,3834.91,102,0.0352,2800.77,1569
2024-01-02,East,Mobile,5824.93,102,0.0399,2954.83,2638
2024-01-02,East,Desktop,5183.27,94,0.0503,3051.54,1275
2024-01-02,West,Mobile,6155.56,95,0.0371,4019.28,3014
2024-01-02,West,Desktop,6447.01,89,0.0435,3964.6,1686
2024-01-02,North,Mobile,4808.33,97,0.035,2820.57,2981
2024-01-02,North,Desktop,5542.5,99,0.05,3054.25,1443
2024-01-02,South,Mobile,4372.87,118,0.0403,3234.7,2467
2024-01-02,South,Desktop,4529.45,101,0.0435,3013.76,1241
2024-01-03,East,Mobile,5403.34,104,0.0479,2922.26,2738
2024-01-03,East,Desktop,5279.23,110,0.0466,2920.54,1616
2024-01-03,West,Mobile,6046.6,111,0.037,3836.11,2801
2024-01-03,West,Desktop,5297.51,103,0.0463,3901.0,1504
2024-01-03,North,Mobile,4433.85,94,0.0388,2879.66,2835
2024-01-03,North,Desktop,5161.62,122,0.0459,3038.63,1528
2024-01-03,South,Mobile,3597.62,99,0.0408,3369.49,2831
2024-01-03,South,Desktop,4352.53,99,0.0392,3171.42,1652
2024-01-04,East,Mobile,5848.05,89,0.0475,2789.72,2948
2024-01-04,East,Desktop,6463.8,88,0.0422,3014.95,1464
2024-01-04,West,Mobile,5255.68,100,0.0352,3992.35,2722
2024-01-04,West,Desktop,6743.97,90,0.0434,4058.64,1355
2024-01-04,North,Mobile,5090.98,115,0.0325,3027.7,2898
2024-01-04,North,Desktop,5312.73,85,0.0384,3078.29,1584
2024-01-04,South,Mobile,4335.17,104,0.0371,3034.84,2903
2024-01-04,South,Desktop,4007.12,122,0.0474,2821.3,1638
2024-01-05,East,Mobile,5071.14,109,0.0463,2876.9,3004
2024-01-05,East,Desktop,5681.62,109,0.0545,2963.19,1426
2024-01-05,West,Mobile,5573.03,90,0.0401,3966.52,2901
2024-01-05,West,Desktop,6397.05,100,0.0523,3848.39,1948
2024-01-05,North,Mobile,5250.27,89,0.0351,3072.37,2826
2024-01-05,North,Desktop,5285.6,105,0.0446,2872.98,1312
2024-01-05,South,Mobile,4098.18,110,0.0416,2813.14,2885
2024-01-05,South,Desktop,4381.01,89,0.0458,3008.73,1368
2024-01-06,East,Mobile,5657.43,106,0.0459,3158.07,2653
2024-01-06,East,Desktop,5087.36,106,0.0476,3077.26,2117
2024-01-06,West,Mobile,6274.03,113,0.0453,4027.02,2812
2024-01-06,West,Desktop,6364.31,90,0.0438,3805.35,1552
2024-01-06,North,Mobile,5925.86,77,0.0439,2758.09,2789
2024-01-06,North,Desktop,5435.58,100,0.0396,2892.7,1641
2024-01-06,South,Mobile,4001.68,102,0.0407,2902.26,3181
2024-01-06,South,Desktop,4465.53,75,0.0459,2900.73,1667
2024-01-07,East,Mobile,5151.29,98,0.043,3129.86,2679
2024-01-07,East,Desktop,5352.82,94,0.0417,3264.82,1600
2024-01-07,West,Mobile,5394.78,111,0.0511,4101.33,2632
2024-01-07,West,Desktop,5767.57,115,0.0415,3986.54,1656
2024-01-07,North,Mobile,4629.23,99,0.0243,2846.34,2822
2024-01-07,North,Desktop,4500.89,119,0.0378,2933.99,1559
2024-01-07,South,Mobile,4740.03,82,0.0463,3001.53,2712
2024-01-07,South,Desktop,4407.12,102,0.042,3010.47,1482
2024-01-08,East,Mobile,5549.95,107,0.0484,2814.33,3179
2024-01-08,East,Desktop,4641.08,98,0.0479,3042.15,1446
2024-01-08,West,Mobile,5900.1,94,0.0376,4065.67,2913
2024-01-08,West,Desktop,5667.4,110,0.0465,4058.51,1634
2024-01-08,North,Mobile,4668.4,93,0.0442,3091.56,2856
2024-01-08,North,Desktop,5046.93,115,0.042,3082.06,1509
2024-01-08,South,Mobile,4175.99,113,0.0446,3122.03,3055
2024-01-08,South,Desktop,4257.14,108,0.0434,3048.62,1520
2024-01-09,East,Mobile,5542.68,107,0.0364,3313.86,2709
2024-01-09,East,Desktop,4965.76,113,0.049,3093.62,1634
2024-01-09,West,Mobile,5994.12,89,0.0409,3767.95,3006
2024-01-09,West,Desktop,5929.41,90,0.0434,3980.52,1455
2024-01-09,North,Mobile,4671.11,102,0.0417,2923.96,2789
2024-01-09,North,Desktop,5092.82,82,0.038,2892.23,1507
2024-01-09,South,Mobile,4355.71,117,0.0448,2976.01,2857
2024-01-09,South,Desktop,3909.14,99,0.0436,3048.41,1415
2024-01-10,East,Mobile,5728.51,118,0.04,3060.26,2963
2024-01-10,East,Desktop,5323.46,102,0.0451,3014.65,1424
2024-01-10,West,Mobile,6011.76,105,0.0478,4087.06,3182
2024-01-10,West,Desktop,5631.67,110,0.0459,4327.01,1418
2024-01-10,North,Mobile,4664.11,92,0.0299,2921.14,2746
2024-01-10,North,Desktop,5060.16,104,0.0544,3142.56,1453
2024-01-10,South,Mobile,3944.54,105,0.0339,3274.72,3036
2024-01-10,South,Desktop,4090.48,79,0.0518,2982.82,1725
2024-01-11,East,Mobile,4798.45,92,0.0405,3007.05,2792
2024-01-11,East,Desktop,5774.05,87,0.0443,3018.04,1617
2024-01-11,West,Mobile,6341.58,86,0.0328,4149.15,2909
2024-01-11,West,Desktop,5640.73,118,0.0456,4129.96,1550
2024-01-11,North,Mobile,5824.3,121,0.0393,3145.74,2956
2024-01-11,North,Desktop,5547.45,88,0.0484,3158.76,1276
2024-01-11,South,Mobile,3847.69,75,0.0392,3107.63,3085
2024-01-11,South,Desktop,4275.19,119,0.0381,2744.49,1531
2024-01-12,East,Mobile,5668.99,99,0.0302,2986.63,2664
2024-01-12,East,Desktop,5794.66,104,0.0403,2922.92,1381
2024-01-12,West,Mobile,5969.91,111,0.0356,3998.29,2780
2024-01-12,West,Desktop,5619.42,98,0.0398,3792.04,1360
2024-01-12,North,Mobile,5785.89,100,0.037,3032.1,2843
2024-01-12,North,Desktop,4911.61,107,0.0488,2920.42,1453
2024-01-12,South,Mobile,4156.48,72,0.0329,3205.03,3106
2024-01-12,South,Desktop,4165.33,106,0.0466,3461.83,1707
2024-01-13,East,Mobile,5443.72,88,0.0325,3030.52,2746
2024-01-13,East,Desktop,4874.21,92,0.0396,3253.07,1672
2024-01-13,West,Mobile,5996.17,117,0.0409,3732.05,3088
2024-01-13,West,Desktop,6258.68,87,0.044,3729.25,1332
2024-01-13,North,Mobile,5370.47,122,0.0335,3084.45,2762
2024-01-13,North,Desktop,4805.15,92,0.0407,3007.28,1415
2024-01-13,South,Mobile,4341.96,99,0.0393,2863.87,2773
2024-01-13,South,Desktop,4506.83,106,0.0401,3014.9,1652
2024-01-14,East,Mobile,4765.46,106,0.0372,3085.59,2745
2024-01-14,East,Desktop,4705.85,80,0.0452,3038.96,1404
2024-01-14,West,Mobile,6306.52,80,0.0402,3663.85,2762
2024-01-14,West,Desktop,6022.75,89,0.0431,4096.23,1453
2024-01-14,North,Mobile,5334.28,86,0.0431,3216.24,2489
2024-01-14,North,Desktop,4681.24,106,0.044,3055.67,1449
2024-01-14,South,Mobile,4279.44,98,0.0463,3038.16,2910
2024-01-14,South,Desktop,4109.96,94,0.0428,3059.17,1476
2024-01-15,East,Mobile,5627.5,124,0.0449,2951.1,3040
2024-01-15,East,Desktop,5320.45,75,0.04,2719.38,1487
2024-01-15,West,Mobile,6008.84,120,0.0421,3857.28,2984
2024-01-15,West,Desktop,4938.66,102,0.0489,3611.68,1711
2024-01-15,North,Mobile,5135.4,95,0.0437,3340.6,2887
2024-01-15,North,Desktop,5099.29,94,0.0408,3124.55,1411
2024-01-15,South,Mobile,4274.33,94,0.0429,3050.05,3015
2024-01-15,South,Desktop,4076.59,96,0.0401,2933.36,1596
2024-01-16,East,Mobile,5833.07,88,0.0448,3203.35,2922
2024-01-16,East,Desktop,6325.79,90,0.0388,2733.19,1764
2024-01-16,West,Mobile,6314.1,99,0.0419,3680.53,3226
2024-01-16,West,Desktop,6062.03,101,0.0486,3993.8,1573
2024-01-16,North,Mobile,4683.81,105,0.0499,3201.81,3098
2024-01-16,North,Desktop,4795.51,88,0.0444,3008.36,1704
2024-01-16,South,Mobile,3674.56,118,0.0397,2935.97,2708
2024-01-16,South,Desktop,3687.35,109,0.0454,2806.51,1345
2024-01-17,East,Mobile,5352.25,120,0.0392,2774.53,2823
2024-01-17,East,Desktop,5380.0,67,0.0447,2965.36,1644
2024-01-17,West,Mobile,6887.5,113,0.0392,3684.23,3246
2024-01-17,West,Desktop,6028.42,100,0.0449,3938.63,1518
2024-01-17,North,Mobile,4770.54,93,0.0403,2918.49,2753
2024-01-17,North,Desktop,5042.57,96,0.0525,2602.35,1703
2024-01-17,South,Mobile,4673.67,75,0.0388,2944.28,2648
2024-01-17,South,Desktop,3985.54,86,0.0538,3140.35,1730
2024-01-18,East,Mobile,5817.54,86,0.0379,3073.41,2676
2024-01-18,East,Desktop,5813.72,97,0.0431,3106.64,1606
2024-01-18,West,Mobile,5826.74,113,0.0351,4020.11,2948
2024-01-18,West,Desktop,5851.42,103,0.0387,4080.19,1512
2024-01-18,North,Mobile,4790.91,112,0.037,2788.73,2626
2024-01-18,North,Desktop,5242.4,84,0.0538,2687.71,1794
2024-01-18,South,Mobile,4321.75,98,0.0378,3059.87,2854
2024-01-18,South,Desktop,4625.12,101,0.0458,2945.46,1531
2024-01-19,East,Mobile,5635.43,79,0.0338,3111.49,2885
2024-01-19,East,Desktop,5419.05,100,0.0467,2919.04,1423
2024-01-19,West,Mobile,6094.01,88,0.0425,3568.0,3014
2024-01-19,West,Desktop,6226.85,103,0.0499,4224.77,1692
2024-01-19,North,Mobile,4263.65,84,0.0374,3003.91,2937
2024-01-19,North,Desktop,4709.7,102,0.0412,2908.27,1329
2024-01-19,South,Mobile,3936.1,83,0.0356,3158.05,2717
2024-01-19,South,Desktop,5145.01,105,0.0459,2871.25,1645
2024-01-20,East,Mobile,5246.72,101,0.0533,2985.59,3032
2024-01-20,East,Desktop,5190.6,99,0.0539,2905.95,1811
2024-01-20,West,Mobile,6339.72,93,0.0437,4089.65,2953
2024-01-20,West,Desktop,5246.29,91,0.0438,3885.49,1633
2024-01-20,North,Mobile,5071.08,83,0.0424,3091.59,2943
2024-01-20,North,Desktop,5432.31,110,0.0473,2989.48,1290
2024-01-20,South,Mobile,4396.07,102,0.0419,2808.49,2697
2024-01-20,South,Desktop,4608.07,99,0.0484,3004.25,1544
2024-01-21,East,Mobile,5912.84,93,0.041,2930.66,2794
2024-01-21,East,Desktop,5363.96,102,0.0426,3188.36,1405
2024-01-21,West,Mobile,5910.3,94,0.0477,3938.33,3014
2024-01-21,West,Desktop,5286.93,103,0.0494,3916.05,1699
2024-01-21,North,Mobile,4793.08,116,0.052,2945.57,2793
2024-01-21,North,Desktop,5581.35,118,0.0424,2936.97,1497
2024-01-21,South,Mobile,3792.89,88,0.0355,2884.83,2854
2024-01-21,South,Desktop,4329.63,118,0.04,3147.65,1507
2024-01-22,East,Mobile,5478.24,108,0.0349,3057.36,2884
2024-01-22,East,Desktop,5716.68,103,0.0573,2904.34,1460
2024-01-22,West,Mobile,5700.89,93,0.0373,4131.86,3073
2024-01-22,West,Desktop,5726.04,90,0.0474,3792.32,1634
2024-01-22,North,Mobile,5081.17,81,0.0482,3269.38,2768
2024-01-22,North,Desktop,4844.92,103,0.0467,3098.78,1841
2024-01-22,South,Mobile,4189.84,90,0.0336,2890.36,2855
2024-01-22,South,Desktop,4860.15,93,0.0461,2997.54,1718
2024-01-23,East,Mobile,6611.85,93,0.0381,3156.62,2962
2024-01-23,East,Desktop,6312.55,107,0.0432,3088.6,1706
2024-01-23,West,Mobile,6393.83,106,0.0458,4128.01,3067
2024-01-23,West,Desktop,6311.38,97,0.0457,4135.27,1417
2024-01-23,North,Mobile,5147.47,95,0.0406,3191.77,2888
2024-01-23,North,Desktop,5018.57,83,0.0487,3096.82,1864
2024-01-23,South,Mobile,4145.36,102,0.0417,3236.62,2845
2024-01-23,South,Desktop,4344.87,107,0.0459,2933.03,1569
2024-01-24,East,Mobile,5972.4,87,0.0412,2894.98,3039
2024-01-24,East,Desktop,4829.8,93,0.0469,3234.83,1530
2024-01-24,West,Mobile,5733.5,122,0.0333,3471.23,2926
2024-01-24,West,Desktop,5759.01,87,0.0485,3947.54,1455
2024-01-24,North,Mobile,4487.88,110,0.0438,2985.12,3136
2024-01-24,North,Desktop,4571.97,81,0.0415,2993.16,1576
2024-01-24,South,Mobile,4167.98,104,0.0342,3216.56,2847
2024-01-24,South,Desktop,4629.88,104,0.0473,3085.47,1607
2024-01-25,East,Mobile,5782.8,115,0.0415,3106.35,2846
2024-01-25,East,Desktop,6133.65,91,0.054,2993.98,1325
2024-01-25,West,Mobile,6061.49,91,0.0447,3772.74,2793
2024-01-25,West,Desktop,5093.02,94,0.0329,3591.14,1654
2024-01-25,North,Mobile,5314.32,105,0.0357,2992.84,2859
2024-01-25,North,Desktop,4536.65,118,0.0494,2966.86,1544
2024-01-25,South,Mobile,4320.85,75,0.0393,2897.7,2709
2024-01-25,South,Desktop,4154.43,121,0.0482,2914.32,1625
2024-01-26,East,Mobile,6115.72,111,0.0408,2902.96,2964
2024-01-26,East,Desktop,5673.13,110,0.0482,3157.43,1459
2024-01-26,West,Mobile,6632.35,102,0.0509,3765.61,3120
2024-01-26,West,Desktop,6095.0,92,0.0426,3837.53,1603
2024-01-26,North,Mobile,5209.13,93,0.0404,3321.34,3119
2024-01-26,North,Desktop,5174.53,100,0.0456,3092.03,1386
2024-01-26,South,Mobile,4162.49,79,0.0425,3097.08,2787
2024-01-26,South,Desktop,4785.16,85,0.0377,3033.67,1697
2024-01-27,East,Mobile,6240.93,94,0.0459,2994.22,2834
2024-01-27,East,Desktop,5888.81,107,0.0371,3221.48,1747
2024-01-27,West,Mobile,5699.73,104,0.043,3950.83,2777
2024-01-27,West,Desktop,5677.62,99,0.0509,4006.0,1484
2024-01-27,North,Mobile,5308.68,65,0.0462,2739.04,2805
2024-01-27,North,Desktop,4552.13,84,0.0508,2929.84,1591
2024-01-27,South,Mobile,4234.05,105,0.0409,2807.55,3009
2024-01-27,South,Desktop,4082.12,81,0.0429,3225.11,1667
2024-01-28,East,Mobile,5346.59,95,0.0389,3311.51,2917
2024-01-28,East,Desktop,5689.22,112,0.0462,2961.14,1510
2024-01-28,West,Mobile,5965.63,99,0.0441,3910.13,2969
2024-01-28,West,Desktop,5961.26,100,0.035,4078.68,1591
2024-01-28,North,Mobile,5399.2,65,0.0509,2979.06,3026
2024-01-28,North,Desktop,4584.04,107,0.0397,2906.43,1827
2024-01-28,South,Mobile,4185.17,102,0.0449,3074.35,2882
2024-01-28,South,Desktop,4374.09,128,0.0447,3030.16,1697
2024-01-29,East,Mobile,5986.43,114,0.0437,2828.55,3105
2024-01-29,East,Desktop,4995.61,103,0.0412,2990.38,1589
2024-01-29,West,Mobile,6154.25,105,0.0486,3988.44,2823
2024-01-29,West,Desktop,6462.76,114,0.0389,4016.49,1645
2024-01-29,North,Mobile,4880.97,116,0.0397,3018.84,2834
2024-01-29,North,Desktop,5006.23,86,0.0378,3239.18,1412
2024-01-29,South,Mobile,3912.93,74,0.0373,2801.54,3106
2024-01-29,South,Desktop,4593.34,91,0.0563,3147.26,1491
2024-01-30,East,Mobile,4400.26,127,0.0336,2753.19,3013
2024-01-30,East,Desktop,6573.49,116,0.0478,3089.21,1668
2024-01-30,West,Mobile,6364.29,103,0.041,3887.79,2746
2024-01-30,West,Desktop,5865.28,79,0.0445,3707.22,1374
2024-01-30,North,Mobile,5071.96,116,0.0451,2764.42,2711
2024-01-30,North,Desktop,5376.31,88,0.0439,3082.51,1394
2024-01-30,South,Mobile,4285.83,83,0.0375,3047.97,2621
2024-01-30,South,Desktop,4399.76,99,0.0478,3033.59,1744
2024-01-31,East,Mobile,5555.1,94,0.0411,3081.49,2867
2024-01-31,East,Desktop,5517.86,91,0.0417,2789.61,1802
2024-01-31,West,Mobile,5402.95,91,0.0369,4074.51,2815
2024-01-31,West,Desktop,6598.92,91,0.0464,3737.11,1861
2024-01-31,North,Mobile,4524.96,103,0.0437,3062.07,2832
2024-01-31,North,Desktop,4948.07,100,0.0443,3144.58,1871
2024-01-31,South,Mobile,4060.45,83,0.0401,3386.96,2739
2024-01-31,South,Desktop,4807.3,120,0.0422,3085.35,1784
2024-02-01,East,Mobile,5333.18,97,0.0376,2847.79,2762
2024-02-01,East,Desktop,4961.47,100,0.0412,3035.07,1306
2024-02-01,West,Mobile,6158.82,110,0.0305,3972.94,3044
2024-02-01,West,Desktop,5419.37,120,0.0471,3762.52,1531
2024-02-01,North,Mobile,5223.33,100,0.0432,2861.9,2885
2024-02-01,North,Desktop,4434.51,98,0.0405,2889.67,1725
2024-02-01,South,Mobile,4621.05,107,0.035,2952.54,3041
2024-02-01,South,Desktop,4298.18,127,0.047,3028.81,1493
2024-02-02,East,Mobile,5558.76,98,0.044,3143.51,2742
2024-02-02,East,Desktop,4914.26,77,0.0475,2834.5,1217
2024-02-02,West,Mobile,6186.52,129,0.0405,4063.51,2872
2024-02-02,West,Desktop,5952.53,111,0.0435,3952.14,1588
2024-02-02,North,Mobile,4732.76,111,0.0396,2886.64,2940
2024-02-02,North,Desktop,4640.61,100,0.045,3162.88,1611
2024-02-02,South,Mobile,4241.49,109,0.0475,3083.67,2861
2024-02-02,South,Desktop,3803.98,87,0.0435,2908.57,1511
2024-02-03,East,Mobile,5524.93,106,0.0401,3072.98,2869
2024-02-03,East,Desktop,4630.79,88,0.0443,2818.55,1629
2024-02-03,West,Mobile,6734.76,114,0.0394,4190.69,2882
2024-02-03,West,Desktop,5838.2,92,0.0435,3824.31,1565
2024-02-03,North,Mobile,5064.23,100,0.0427,3178.6,3002
2024-02-03,North,Desktop,4406.04,69,0.0497,2794.97,1506
2024-02-03,South,Mobile,3852.16,78,0.0432,3113.87,2773
2024-02-03,South,Desktop,3369.05,93,0.047,2778.16,1567
2024-02-04,East,Mobile,5493.26,106,0.0411,2854.04,3039
2024-02-04,East,Desktop,5430.25,99,0.0403,2933.51,1407
2024-02-04,West,Mobile,5916.99,120,0.0336,3585.36,3080
2024-02-04,West,Desktop,5899.52,91,0.0502,3781.9,1813
2024-02-04,North,Mobile,5271.17,94,0.0513,2909.14,2971
2024-02-04,North,Desktop,5119.72,115,0.0528,3004.8,1426
2024-02-04,South,Mobile,4406.39,91,0.0506,3020.48,2805
2024-02-04,South,Desktop,4312.79,83,0.0401,3180.06,1441
2024-02-05,East,Mobile,5039.36,106,0.0464,3107.84,3009
2024-02-05,East,Desktop,5167.01,82,0.0525,2951.6,1502
2024-02-05,West,Mobile,6637.53,106,0.0428,4322.18,2763
2024-02-05,West,Desktop,6445.36,100,0.0463,4198.05,1616
2024-02-05,North,Mobile,5215.32,112,0.0387,2874.12,2703
2024-02-05,North,Desktop,4213.46,124,0.0395,2966.81,1498
2024-02-05,South,Mobile,4354.52,109,0.0448,2912.54,2834
2024-02-05,South,Desktop,4346.08,97,0.053,3073.65,1650
2024-02-06,East,Mobile,5791.67,114,0.0414,2805.48,2919
2024-02-06,East,Desktop,5213.4,93,0.0479,3185.74,1543
2024-02-06,West,Mobile,6148.24,120,0.0417,4407.33,2944
2024-02-06,West,Desktop,5154.83,109,0.0469,4151.5,1640
2024-02-06,North,Mobile,4944.62,85,0.0395,2872.42,2772
2024-02-06,North,Desktop,5235.43,120,0.047,2820.62,1606
2024-02-06,South,Mobile,4656.85,92,0.0398,3002.2,2742
2024-02-06,South,Desktop,4470.42,98,0.0471,2866.88,1474
2024-02-07,East,Mobile,5817.85,95,0.0491,2940.05,2893
2024-02-07,East,Desktop,5910.34,82,0.0362,2771.15,1729
2024-02-07,West,Mobile,5735.11,130,0.0377,3935.99,3091
2024-02-07,West,Desktop,6962.92,124,0.051,4099.69,1628
2024-02-07,North,Mobile,5311.34,93,0.0364,2999.49,2834
2024-02-07,North,Desktop,4818.71,108,0.0498,3013.26,1761
2024-02-07,South,Mobile,3861.83,97,0.0369,2720.02,2847
2024-02-07,South,Desktop,4208.61,118,0.0482,2846.37,1818
2024-02-08,East,Mobile,6037.25,106,0.0394,2856.08,2804
2024-02-08,East,Desktop,5979.05,122,0.0527,2926.67,1372
2024-02-08,West,Mobile,6067.63,78,0.0421,3871.22,2790
2024-02-08,West,Desktop,5234.54,106,0.0423,3671.87,1109
2024-02-08,North,Mobile,4988.99,121,0.0488,2931.44,2769
2024-02-08,North,Desktop,5187.51,88,0.0465,3114.91,1724
2024-02-08,South,Mobile,4215.95,97,0.0361,2875.97,2826
2024-02-08,South,Desktop,4374.9,110,0.041,3223.9,1499
2024-02-09,East,Mobile,5490.6,91,0.0284,3132.61,2970
2024-02-09,East,Desktop,5376.22,100,0.0476,2765.62,1460
2024-02-09,West,Mobile,6381.25,84,0.042,3635.47,2929
2024-02-09,West,Desktop,5982.89,80,0.0508,3756.75,1418
2024-02-09,North,Mobile,5080.23,113,0.0354,3009.25,2924
2024-02-09,North,Desktop,5277.24,102,0.0432,2875.86,1552
2024-02-09,South,Mobile,3885.47,64,0.0427,3135.59,2505
2024-02-09,South,Desktop,3906.69,107,0.0553,3003.12,1430
2024-02-10,East,Mobile,5419.53,116,0.0373,2880.12,2787
2024-02-10,East,Desktop,5080.54,101,0.0531,3048.46,1502
2024-02-10,West,Mobile,5859.93,81,0.0449,3884.82,2832
2024-02-10,West,Desktop,7532.69,103,0.0412,3816.86,1712
2024-02-10,North,Mobile,5045.31,82,0.0451,2899.78,3140
2024-02-10,North,Desktop,5432.02,94,0.0514,3010.18,1667
2024-02-10,South,Mobile,4414.81,89,0.0373,3154.49,2809
2024-02-10,South,Desktop,4112.76,88,0.0471,3309.38,1379
2024-02-11,East,Mobile,5510.66,116,0.0401,3067.86,2700
2024-02-11,East,Desktop,5688.46,97,0.0499,3178.11,1928
2024-02-11,West,Mobile,6278.22,103,0.0415,3831.13,2910
2024-02-11,West,Desktop,5858.21,102,0.0516,3703.72,1710
2024-02-11,North,Mobile,5526.85,98,0.0299,2908.83,3054
2024-02-11,North,Desktop,4990.85,88,0.0425,3126.09,1622
2024-02-11,South,Mobile,4168.76,95,0.0385,2861.64,3102
2024-02-11,South,Desktop,4140.41,114,0.0526,3149.75,1475
2024-02-12,East,Mobile,5677.64,99,0.036,3048.65,2683
2024-02-12,East,Desktop,6022.58,94,0.046,3042.49,1501
2024-02-12,West,Mobile,6281.61,94,0.0449,3637.53,2878
2024-02-12,West,Desktop,6930.69,87,0.0416,4000.21,1566
2024-02-12,North,Mobile,5140.25,105,0.0437,3166.45,2921
2024-02-12,North,Desktop,4903.5,108,0.0545,2980.1,1393
2024-02-12,South,Mobile,4626.41,98,0.0296,3127.11,2779
2024-02-12,South,Desktop,4219.22,103,0.046,3106.42,1474
2024-02-13,East,Mobile,5725.77,96,0.0442,3092.31,2719
2024-02-13,East,Desktop,5977.83,93,0.049,3055.09,1815
2024-02-13,West,Mobile,5892.74,95,0.0404,3840.88,2979
2024-02-13,West,Desktop,5224.17,87,0.0397,4085.31,1796
2024-02-13,North,Mobile,4958.22,97,0.0409,3174.28,2720
2024-02-13,North,Desktop,5095.35,111,0.0475,3028.44,1690
2024-02-13,South,Mobile,3330.9,108,0.0372,2725.41,2936
2024-02-13,South,Desktop,4717.04,98,0.0498,3241.84,1737
2024-02-14,East,Mobile,6221.58,108,0.0409,2759.71,2823
2024-02-14,East,Desktop,5128.97,126,0.0441,3018.48,1622
2024-02-14,West,Mobile,6020.93,120,0.0374,3937.95,2748
2024-02-14,West,Desktop,5366.39,92,0.0448,3816.29,1436
2024-02-14,North,Mobile,4437.47,99,0.033,3114.01,2872
2024-02-14,North,Desktop,4416.98,96,0.0412,3047.88,1741
2024-02-14,South,Mobile,3612.44,101,0.0397,3100.7,2891
2024-02-14,South,Desktop,3994.33,96,0.041,3161.4,1543
2024-02-15,East,Mobile,6336.52,99,0.037,2772.94,2589
2024-02-15,East,Desktop,4802.98,103,0.0475,2762.82,1674
2024-02-15,West,Mobile,5768.13,101,0.0486,4074.88,2819
2024-02-15,West,Desktop,5572.23,74,0.0414,3858.83,1391
2024-02-15,North,Mobile,4947.5,100,0.0394,2902.5,2885
2024-02-15,North,Desktop,5176.78,86,0.0521,2985.21,1542
2024-02-15,South,Mobile,4490.79,102,0.0453,3043.07,2768
2024-02-15,South,Desktop,4372.91,86,0.0455,2995.02,1508
2024-02-16,East,Mobile,5443.44,77,0.0378,3013.93,2883
2024-02-16,East,Desktop,5047.82,115,0.0407,3145.42,1604
2024-02-16,West,Mobile,5689.81,121,0.0345,4079.24,3010
2024-02-16,West,Desktop,5678.1,116,0.0437,3956.3,1579
2024-02-16,North,Mobile,4946.28,109,0.0445,2737.72,3055
2024-02-16,North,Desktop,4335.0,112,0.0506,2836.36,1478
2024-02-16,South,Mobile,3874.06,97,0.039,3116.95,3056
2024-02-16,South,Desktop,4724.53,93,0.044,2747.48,1419
2024-02-17,East,Mobile,5924.53,119,0.0343,2911.13,2856
2024-02-17,East,Desktop,5623.27,90,0.0471,2928.92,1537
2024-02-17,West,Mobile,6262.22,100,0.0383,3878.63,2846
2024-02-17,West,Desktop,5822.39,96,0.053,4009.38,1495
2024-02-17,North,Mobile,5278.78,95,0.0464,3055.45,2843
2024-02-17,North,Desktop,5179.09,81,0.0394,2820.91,1561
2024-02-17,South,Mobile,4839.06,126,0.0437,3075.13,2589
2024-02-17,South,Desktop,4065.49,90,0.0419,2974.78,1469
2024-02-18,East,Mobile,4629.11,108,0.0351,3035.89,3171
2024-02-18,East,Desktop,5095.47,69,0.0436,3165.14,1833
2024-02-18,West,Mobile,5409.82,105,0.0382,3879.34,3256
2024-02-18,West,Desktop,5278.57,103,0.0473,4111.73,1554
2024-02-18,North,Mobile,5123.22,95,0.0418,2948.52,2953
2024-02-18,North,Desktop,4852.16,104,0.0449,3168.91,1532
2024-02-18,South,Mobile,3647.17,115,0.036,2901.94,2770
2024-02-18,South,Desktop,4717.31,74,0.0607,3158.41,1573
2024-02-19,East,Mobile,5475.85,103,0.0431,3096.78,2943
2024-02-19,East,Desktop,5539.42,97,0.0442,2970.76,1710
2024-02-19,West,Mobile,6284.91,64,0.0438,3937.97,2857
2024-02-19,West,Desktop,5813.51,113,0.0497,3749.29,1601
2024-02-19,North,Mobile,4611.34,83,0.0374,3129.36,3002
2024-02-19,North,Desktop,5205.23,108,0.0476,2903.78,1604
2024-02-19,South,Mobile,4522.14,109,0.0464,3106.25,2912
2024-02-19,South,Desktop,4613.85,99,0.0406,2975.54,1428
2024-02-20,East,Mobile,5202.92,98,0.0365,2953.81,2575
2024-02-20,East,Desktop,5593.85,100,0.0409,3098.89,1680
2024-02-20,West,Mobile,5228.37,90,0.0367,3716.72,2984
2024-02-20,West,Desktop,5906.96,96,0.035,4023.91,1354
2024-02-20,North,Mobile,5023.97,103,0.0473,2803.68,2407
2024-02-20,North,Desktop,5073.54,121,0.0512,3031.45,1466
2024-02-20,South,Mobile,4524.42,88,0.0429,3075.82,3019
2024-02-20,South,Desktop,5188.28,104,0.0425,2996.16,1274
2024-02-21,East,Mobile,5194.33,95,0.0379,3022.85,2736
2024-02-21,East,Desktop,5993.25,100,0.045,2950.82,1563
2024-02-21,West,Mobile,6396.05,89,0.0372,3840.77,2658
2024-02-21,West,Desktop,5606.76,94,0.0494,3951.2,1569
2024-02-21,North,Mobile,5340.36,98,0.0425,2984.52,2899
2024-02-21,North,Desktop,4766.9,70,0.0443,3213.41,1678
2024-02-21,South,Mobile,4578.24,114,0.0409,3029.6,2767
2024-02-21,South,Desktop,4142.54,107,0.051,2979.08,1472
2024-02-22,East,Mobile,5500.23,107,0.0333,2655.57,2777
2024-02-22,East,Desktop,4962.89,93,0.0443,2932.01,1757
2024-02-22,West,Mobile,6156.84,103,0.0436,3677.93,3015
2024-02-22,West,Desktop,5963.63,108,0.0396,3597.02,1662
2024-02-22,North,Mobile,5150.56,89,0.0362,3168.82,2681
2024-02-22,North,Desktop,5657.07,89,0.0482,2950.71,1630
2024-02-22,South,Mobile,4065.0,98,0.0407,2849.67,2971
2024-02-22,South,Desktop,4075.51,97,0.04,2615.65,1511
2024-02-23,East,Mobile,6561.55,109,0.0404,2960.57,2863
2024-02-23,East,Desktop,5740.73,85,0.0506,3107.31,1647
2024-02-23,West,Mobile,6210.47,100,0.0439,4015.4,2806
2024-02-23,West,Desktop,5724.67,101,0.0527,3658.37,1319
2024-02-23,North,Mobile,5065.9,100,0.0414,3036.59,2826
2024-02-23,North,Desktop,5595.95,80,0.0409,2984.51,1293
2024-02-23,South,Mobile,4190.21,119,0.0406,3034.61,2670
2024-02-23,South,Desktop,4040.44,95,0.0434,3192.25,1623
2024-02-24,East,Mobile,5010.96,102,0.043,3171.02,3097
2024-02-24,East,Desktop,5053.36,90,0.0387,2964.9,1609
2024-02-24,West,Mobile,6473.92,99,0.0389,3929.59,2734
2024-02-24,West,Desktop,7002.98,80,0.0459,4294.6,1541
2024-02-24,North,Mobile,4923.98,95,0.0396,3205.93,2528
2024-02-24,North,Desktop,5613.37,82,0.0437,2935.61,1628
2024-02-24,South,Mobile,3706.64,105,0.0506,2795.52,2888
2024-02-24,South,Desktop,4024.93,105,0.0451,2903.78,1613
2024-02-25,East,Mobile,6293.91,97,0.0441,2806.01,2716
2024-02-25,East,Desktop,5707.86,117,0.0468,2953.04,1539
2024-02-25,West,Mobile,5399.8,107,0.0449,3811.84,2789
2024-02-25,West,Desktop,6127.62,94,0.0447,4309.45,1502
2024-02-25,North,Mobile,4856.66,92,0.0442,2972.82,2762
2024-02-25,North,Desktop,5528.52,117,0.042,2720.02,1691
2024-02-25,South,Mobile,4017.23,109,0.0306,3133.89,2678
2024-02-25,South,Desktop,4498.46,100,0.0402,2938.94,1642
2024-02-26,East,Mobile,5546.59,107,0.0504,2765.36,3102
2024-02-26,East,Desktop,5545.92,89,0.0383,2971.63,1678
2024-02-26,West,Mobile,5938.78,118,0.0332,3897.64,2672
2024-02-26,West,Desktop,6174.54,110,0.0429,3392.18,1569
2024-02-26,North,Mobile,5174.7,104,0.0467,2839.34,2962
2024-02-26,North,Desktop,5477.0,78,0.0466,2924.37,1527
2024-02-26,South,Mobile,4368.21,94,0.0371,3005.12,2696
2024-02-26,South,Desktop,3880.82,108,0.0393,3099.95,1609
2024-02-27,East,Mobile,4740.65,91,0.0465,2852.83,2790
2024-02-27,East,Desktop,5703.31,109,0.0437,2910.37,1753
2024-02-27,West,Mobile,6834.67,111,0.0409,3742.39,2735
2024-02-27,West,Desktop,6250.81,105,0.052,4026.84,1314
2024-02-27,North,Mobile,5420.78,88,0.0386,3037.53,3159
2024-02-27,North,Desktop,6243.97,107,0.0441,3080.18,1673
2024-02-27,South,Mobile,4140.97,121,0.0417,3074.66,2959
2024-02-27,South,Desktop,4393.34,110,0.0419,2916.25,1374
2024-02-28,East,Mobile,5693.38,109,0.0428,3251.17,2859
2024-02-28,East,Desktop,5794.25,86,0.0431,3104.33,1667
2024-02-28,West,Mobile,5858.9,99,0.0329,3830.38,2993
2024-02-28,West,Desktop,6276.1,106,0.0452,3901.38,1440
2024-02-28,North,Mobile,5279.53,105,0.043,2921.09,2536
2024-02-28,North,Desktop,5438.86,94,0.0407,3104.02,1481
2024-02-28,South,Mobile,4610.38,107,0.0439,2795.11,3041
2024-02-28,South,Desktop,4338.83,95,0.0457,2733.56,1601
2024-02-29,East,Mobile,5047.08,83,0.0329,3166.9,2765
2024-02-29,East,Desktop,6174.84,93,0.0365,2832.52,1725
2024-02-29,West,Mobile,5925.17,93,0.0413,3997.85,3027
2024-02-29,West,Desktop,6695.28,95,0.0384,3819.37,1579
2024-02-29,North,Mobile,4614.5,88,0.0422,2992.7,2864
2024-02-29,North,Desktop,4696.6,97,0.0404,3133.53,1695
2024-02-29,South,Mobile,3622.3,88,0.033,2902.5,2847
2024-02-29,South,Desktop,3757.12,88,0.04,3031.09,1550
2024-03-01,East,Mobile,5182.44,102,0.0378,2959.25,3111
2024-03-01,East,Desktop,6089.8,84,0.0491,3121.71,1367
2024-03-01,West,Mobile,6393.01,118,0.0349,3721.09,3012
2024-03-01,West,Desktop,6130.32,106,0.0467,3976.19,1341
2024-03-01,North,Mobile,5418.93,114,0.0394,2993.48,2630
2024-03-01,North,Desktop,5205.7,106,0.0447,3168.65,1489
2024-03-01,South,Mobile,4441.97,87,0.0404,2973.85,2893
2024-03-01,South,Desktop,4124.36,98,0.0491,2934.49,1299
2024-03-02,East,Mobile,6269.82,116,0.034,3103.46,2784
2024-03-02,East,Desktop,5615.93,103,0.0438,2882.44,1436
2024-03-02,West,Mobile,5560.23,90,0.0402,3760.43,2962
2024-03-02,West,Desktop,6713.88,93,0.0462,3997.44,1610
2024-03-02,North,Mobile,5030.38,108,0.0429,2814.35,2990
2024-03-02,North,Desktop,5354.92,90,0.0452,3102.5,1508
2024-03-02,South,Mobile,4614.81,128,0.0366,2792.84,2905
2024-03-02,South,Desktop,4495.33,97,0.0523,2799.21,1643
2024-03-03,East,Mobile,5233.42,120,0.0505,2885.0,2777
2024-03-03,East,Desktop,5878.22,95,0.0448,3003.81,1252
2024-03-03,West,Mobile,5993.36,91,0.038,4181.51,2671
2024-03-03,West,Desktop,6390.34,96,0.0436,4054.12,1591
2024-03-03,North,Mobile,5228.25,111,0.0388,2908.16,2697
2024-03-03,North,Desktop,4669.84,135,0.0512,2797.34,1341
2024-03-03,South,Mobile,4413.83,106,0.0432,2961.76,2841
2024-03-03,South,Desktop,4361.48,101,0.0339,2965.53,1412
2024-03-04,East,Mobile,5577.09,135,0.0423,2952.97,2998
2024-03-04,East,Desktop,5712.38,105,0.048,3308.48,1370
2024-03-04,West,Mobile,6227.34,88,0.0433,3720.86,2797
2024-03-04,West,Desktop,5858.36,111,0.0496,3657.09,1548
2024-03-04,North,Mobile,4716.17,84,0.0394,2953.73,3224
2024-03-04,North,Desktop,5173.18,83,0.0422,3153.21,1853
2024-03-04,South,Mobile,3710.77,77,0.0499,3058.44,2729
2024-03-04,South,Desktop,4431.77,68,0.045,3049.17,1678
2024-03-05,East,Mobile,5053.89,101,0.0359,3038.31,2725
2024-03-05,East,Desktop,5320.44,88,0.0483,3128.77,1504
2024-03-05,West,Mobile,6018.35,82,0.039,3890.21,3253
2024-03-05,West,Desktop,5466.26,117,0.05,3954.72,1803
2024-03-05,North,Mobile,5148.84,104,0.0402,3183.54,3024
2024-03-05,North,Desktop,4749.73,84,0.044,2879.99,1530
2024-03-05,South,Mobile,4670.73,94,0.0403,3008.7,2987
2024-03-05,South,Desktop,3486.06,92,0.0461,3180.01,1466
2024-03-06,East,Mobile,4674.32,107,0.0373,2821.55,2766
2024-03-06,East,Desktop,5418.81,92,0.034,3134.56,1731
2024-03-06,West,Mobile,6312.73,86,0.0395,3898.73,2949
2024-03-06,West,Desktop,6320.8,91,0.0454,3989.17,1758
2024-03-06,North,Mobile,5281.8,109,0.0409,3211.57,2921
2024-03-06,North,Desktop,4655.56,116,0.0485,2933.54,1468
2024-03-06,South,Mobile,4350.84,105,0.0415,3046.7,3114
2024-03-06,South,Desktop,4614.32,102,0.0497,2845.12,1599
2024-03-07,East,Mobile,6296.09,97,0.0363,2902.19,2696
2024-03-07,East,Desktop,5154.7,95,0.038,3002.34,1675
2024-03-07,West,Mobile,5564.28,118,0.0431,4100.96,2761
2024-03-07,West,Desktop,6410.17,86,0.0495,3933.51,1622
2024-03-07,North,Mobile,4529.76,89,0.0435,2857.75,2929
2024-03-07,North,Desktop,4453.14,110,0.0388,3082.84,1633
2024-03-07,South,Mobile,4013.1,106,0.0418,2919.17,2708
2024-03-07,South,Desktop,3582.71,104,0.0372,3014.3,1500
2024-03-08,East,Mobile,5798.82,96,0.0389,3109.78,2910
2024-03-08,East,Desktop,5639.11,105,0.0373,3113.52,1631
2024-03-08,West,Mobile,5511.99,97,0.0403,3873.77,2910
2024-03-08,West,Desktop,6687.06,112,0.0384,4021.3,1739
2024-03-08,North,Mobile,5154.72,113,0.0506,3153.56,2897
2024-03-08,North,Desktop,5418.04,101,0.0451,2947.29,1774
2024-03-08,South,Mobile,3971.73,118,0.043,2790.1,2915
2024-03-08,South,Desktop,3535.99,107,0.0494,2911.15,1558
2024-03-09,East,Mobile,6359.83,93,0.0352,3222.25,3154
2024-03-09,East,Desktop,5501.63,112,0.0517,2888.63,1467
2024-03-09,West,Mobile,6590.82,120,0.0433,3728.44,3158
2024-03-09,West,Desktop,5745.13,95,0.0467,4203.06,1668
2024-03-09,North,Mobile,5165.95,105,0.0407,3083.72,2480
2024-03-09,North,Desktop,4881.36,102,0.0392,3057.95,1509
2024-03-09,South,Mobile,4846.86,118,0.0382,2977.37,2848
2024-03-09,South,Desktop,4096.44,102,0.0412,2830.41,1633
2024-03-10,East,Mobile,5776.99,90,0.045,2905.26,2897
2024-03-10,East,Desktop,5860.95,99,0.0473,2922.54,1510
2024-03-10,West,Mobile,5901.19,91,0.0396,3598.02,2786
2024-03-10,West,Desktop,5863.26,96,0.0438,3887.96,1611
2024-03-10,North,Mobile,5349.81,92,0.0345,2843.69,2786
2024-03-10,North,Desktop,4859.23,90,0.0385,2931.58,1567
2024-03-10,South,Mobile,4452.31,93,0.0384,2861.0,2855
2024-03-10,South,Desktop,3961.53,106,0.0361,2946.06,1585
2024-03-11,East,Mobile,5580.89,132,0.0422,2849.39,2845
2024-03-11,East,Desktop,4718.45,99,0.0408,3137.31,1457
2024-03-11,West,Mobile,5943.95,92,0.0492,3837.36,3134
2024-03-11,West,Desktop,6390.79,105,0.0468,3976.79,1250
2024-03-11,North,Mobile,4888.45,110,0.0403,2789.22,2852
2024-03-11,North,Desktop,5681.64,114,0.0447,3142.72,1485
2024-03-11,South,Mobile,3670.68,88,0.0483,2958.9,2823
2024-03-11,South,Desktop,4148.06,122,0.0531,3332.82,1516
2024-03-12,East,Mobile,5630.07,81,0.0479,2824.83,2892
2024-03-12,East,Desktop,5017.19,92,0.0408,2908.82,1459
2024-03-12,West,Mobile,5736.83,110,0.035,3943.01,3042
2024-03-12,West,Desktop,5753.67,91,0.0438,4130.05,1569
2024-03-12,North,Mobile,4787.51,105,0.035,3102.2,2921
2024-03-12,North,Desktop,4876.88,89,0.0406,3080.22,1724
2024-03-12,South,Mobile,4033.32,105,0.0301,2912.31,2855
2024-03-12,South,Desktop,3940.71,88,0.0417,3043.83,1511
2024-03-13,East,Mobile,4515.18,74,0.0375,3068.65,2447
2024-03-13,East,Desktop,5280.12,93,0.0519,2942.25,1597
2024-03-13,West,Mobile,6067.8,74,0.0443,3942.0,2936
2024-03-13,West,Desktop,7884.59,74,0.0536,3843.95,1583
2024-03-13,North,Mobile,4981.8,94,0.0377,3049.43,2632
2024-03-13,North,Desktop,5300.23,95,0.0393,2932.5,1728
2024-03-13,South,Mobile,4067.99,104,0.0368,3113.69,2962
2024-03-13,South,Desktop,4878.53,97,0.0483,3014.71,1734
2024-03-14,East,Mobile,5183.71,108,0.0395,2990.37,2873
2024-03-14,East,Desktop,5610.99,98,0.0461,3236.72,1687
2024-03-14,West,Mobile,6417.19,94,0.0361,4086.28,2991
2024-03-14,West,Desktop,6706.88,92,0.0439,3580.3,1481
2024-03-14,North,Mobile,5398.63,94,0.0437,2971.42,2908
2024-03-14,North,Desktop,4540.92,101,0.03,2971.97,1295
2024-03-14,South,Mobile,4660.04,109,0.0428,3228.15,2717
2024-03-14,South,Desktop,4844.1,111,0.0438,3170.34,1374
2024-03-15,East,Mobile,5137.21,92,0.0379,2841.52,3043
2024-03-15,East,Desktop,5386.1,104,0.0421,2726.91,1580
2024-03-15,West,Mobile,5082.12,99,0.0337,4287.52,2996
2024-03-15,West,Desktop,6050.76,115,0.0408,4005.98,1569
2024-03-15,North,Mobile,5105.61,115,0.0442,3043.31,2611
2024-03-15,North,Desktop,4615.98,98,0.0455,2830.47,1901
2024-03-15,South,Mobile,4765.57,107,0.0409,2968.17,2717
2024-03-15,South,Desktop,4276.34,103,0.0388,3050.13,1516
2024-03-16,East,Mobile,4660.56,89,0.0384,3283.15,2943
2024-03-16,East,Desktop,4912.39,105,0.0373,3162.4,1469
2024-03-16,West,Mobile,5955.05,115,0.0341,3627.56,2772
2024-03-16,West,Desktop,6498.42,81,0.0308,3812.02,1622
2024-03-16,North,Mobile,5480.1,94,0.0384,3173.09,2579
2024-03-16,North,Desktop,4844.59,102,0.0472,2923.53,1545
2024-03-16,South,Mobile,3403.97,92,0.0428,2852.66,2868
2024-03-16,South,Desktop,4401.94,95,0.0459,2855.59,1509
2024-03-17,East,Mobile,5768.5,101,0.0376,3033.63,2967
2024-03-17,East,Desktop,4598.03,113,0.0433,3063.82,1719
2024-03-17,West,Mobile,5341.6,91,0.0391,3747.17,3120
2024-03-17,West,Desktop,5588.75,93,0.046,3665.58,1480
2024-03-17,North,Mobile,5126.98,96,0.04,2920.6,2632
2024-03-17,North,Desktop,5128.64,121,0.0451,3033.79,1643
2024-03-17,South,Mobile,3818.43,120,0.0415,3244.78,2750
2024-03-17,South,Desktop,4868.14,109,0.0478,3035.1,1502
2024-03-18,East,Mobile,6028.23,101,0.0307,2832.42,2832
2024-03-18,East,Desktop,5636.4,99,0.0511,2707.33,1561
2024-03-18,West,Mobile,5127.37,109,0.04,3981.82,2730
2024-03-18,West,Desktop,6614.14,112,0.0479,3874.74,1626
2024-03-18,North,Mobile,4717.24,110,0.0487,3160.59,2750
2024-03-18,North,Desktop,5144.57,84,0.0479,3067.59,1259
2024-03-18,South,Mobile,3854.99,96,0.039,2818.58,2918
2024-03-18,South,Desktop,4335.5,97,0.0412,3157.31,1788
2024-03-19,East,Mobile,5287.23,92,0.043,2946.3,2839
2024-03-19,East,Desktop,5825.45,77,0.0516,3010.9,1478
2024-03-19,West,Mobile,5957.17,99,0.0318,4191.51,2866
2024-03-19,West,Desktop,6212.64,111,0.0399,3992.33,1499
2024-03-19,North,Mobile,5338.71,74,0.04,2909.58,2924
2024-03-19,North,Desktop,5188.02,91,0.0414,2983.4,1405
2024-03-19,South,Mobile,4536.27,95,0.026,2943.78,2704
2024-03-19,South,Desktop,3695.37,85,0.0455,3199.3,1586
2024-03-20,East,Mobile,5233.14,105,0.0382,2895.81,2686
2024-03-20,East,Desktop,4729.2,95,0.0458,2985.51,1477
2024-03-20,West,Mobile,5546.04,107,0.0339,4051.33,2709
2024-03-20,West,Desktop,5638.83,82,0.0425,4090.19,1617
2024-03-20,North,Mobile,5391.37,106,0.035,2950.38,2742
2024-03-20,North,Desktop,5532.23,85,0.0495,3133.94,1814
2024-03-20,South,Mobile,4110.71,108,0.0519,2907.35,2629
2024-03-20,South,Desktop,3610.8,108,0.0356,2944.15,1605
2024-03-21,East,Mobile,5581.48,105,0.0416,3191.83,2717
2024-03-21,East,Desktop,5202.12,90,0.0492,3135.06,1607
2024-03-21,West,Mobile,6568.08,85,0.0488,4197.03,2970
2024-03-21,West,Desktop,6855.26,80,0.0424,3756.62,1648
2024-03-21,North,Mobile,4579.94,109,0.0474,3104.28,2902
2024-03-21,North,Desktop,4604.85,89,0.0512,3116.9,1534
2024-03-21,South,Mobile,4107.91,75,0.0351,3286.71,2667
2024-03-21,South,Desktop,4314.42,112,0.0387,3027.71,1680
2024-03-22,East,Mobile,5505.5,134,0.0322,3158.81,2834
2024-03-22,East,Desktop,5839.64,105,0.0413,3034.35,1261
2024-03-22,West,Mobile,6289.56,103,0.0437,4106.33,2915
2024-03-22,West,Desktop,6071.08,89,0.0414,4131.41,1755
2024-03-22,North,Mobile,4904.76,100,0.036,3175.91,2959
2024-03-22,North,Desktop,5776.49,89,0.0431,3034.72,1636
2024-03-22,South,Mobile,4176.67,89,0.0449,3108.17,2722
2024-03-22,South,Desktop,4710.85,114,0.0457,3011.94,1623
2024-03-23,East,Mobile,5120.85,100,0.0297,3131.47,2625
2024-03-23,East,Desktop,6161.5,96,0.0439,2905.84,1496
2024-03-23,West,Mobile,6680.9,70,0.0469,3965.91,2678
2024-03-23,West,Desktop,5483.85,120,0.0403,3675.1,1710
2024-03-23,North,Mobile,5135.42,88,0.0416,2846.14,3025
2024-03-23,North,Desktop,5424.55,106,0.0468,3264.18,1539
2024-03-23,South,Mobile,3848.16,105,0.0509,2847.79,2805
2024-03-23,South,Desktop,4391.59,99,0.0401,3168.28,1888
2024-03-24,East,Mobile,5586.3,89,0.0328,3038.7,3025
2024-03-24,East,Desktop,5709.07,99,0.0421,2836.18,1665
2024-03-24,West,Mobile,6438.61,81,0.0484,4011.94,3069
2024-03-24,West,Desktop,5355.78,83,0.0443,3998.04,1809
2024-03-24,North,Mobile,5282.43,97,0.0354,3184.5,2715
2024-03-24,North,Desktop,5651.39,96,0.053,3101.84,1519
2024-03-24,South,Mobile,4073.41,95,0.0426,3011.57,2770
2024-03-24,South,Desktop,4193.69,100,0.0344,3068.73,1393
2024-03-25,East,Mobile,4992.53,79,0.0315,2796.68,2753
2024-03-25,East,Desktop,6359.43,93,0.0459,3060.07,1559
2024-03-25,West,Mobile,5962.83,85,0.0478,4252.4,2607
2024-03-25,West,Desktop,5508.47,96,0.0402,3998.66,1430
2024-03-25,North,Mobile,5866.02,114,0.0416,3154.05,3025
2024-03-25,North,Desktop,4774.42,90,0.0454,3129.25,1560
2024-03-25,South,Mobile,3713.82,90,0.0401,2988.65,3155
2024-03-25,South,Desktop,3778.76,106,0.0524,3340.72,1479
2024-03-26,East,Mobile,5716.23,106,0.0415,2985.17,2925
2024-03-26,East,Desktop,4385.81,108,0.0456,2966.63,1847
2024-03-26,West,Mobile,5676.03,95,0.0505,3737.75,2777
2024-03-26,West,Desktop,5929.43,110,0.046,3647.94,1460
2024-03-26,North,Mobile,4757.06,99,0.0426,3062.73,2593
2024-03-26,North,Desktop,5425.58,103,0.0519,3066.63,1705
2024-03-26,South,Mobile,4408.63,116,0.0431,2985.31,3200
2024-03-26,South,Desktop,4552.27,106,0.0386,2806.75,1583
2024-03-27,East,Mobile,5564.03,92,0.0412,3238.29,2964
2024-03-27,East,Desktop,4997.96,98,0.041,2941.85,1477
2024-03-27,West,Mobile,5770.73,84,0.0399,3790.68,2420
2024-03-27,West,Desktop,6985.43,113,0.0431,3903.67,1364
2024-03-27,North,Mobile,5678.29,122,0.0413,3153.53,2886
2024-03-27,North,Desktop,4465.31,95,0.0457,2931.82,1507
2024-03-27,South,Mobile,4218.92,99,0.0408,2840.91,2752
2024-03-27,South,Desktop,3813.24,111,0.0345,3173.04,1747
2024-03-28,East,Mobile,5367.04,68,0.0387,2990.37,2708
2024-03-28,East,Desktop,5273.3,118,0.0483,2861.32,1300
2024-03-28,West,Mobile,5843.03,97,0.043,3795.61,2936
2024-03-28,West,Desktop,6928.87,109,0.0448,3864.29,1486
2024-03-28,North,Mobile,5472.26,92,0.0407,3007.68,2784
2024-03-28,North,Desktop,4451.01,103,0.0447,3075.04,1459
2024-03-28,South,Mobile,4665.08,89,0.0491,2737.85,2925
2024-03-28,South,Desktop,4411.65,90,0.0471,3191.93,1207
2024-03-29,East,Mobile,5721.21,70,0.0357,3244.37,2772
2024-03-29,East,Desktop,4983.49,97,0.0553,2725.25,1382
2024-03-29,West,Mobile,6718.77,122,0.04,3658.38,3174
2024-03-29,West,Desktop,6765.33,108,0.0409,3890.44,1515
2024-03-29,North,Mobile,5132.34,117,0.0449,2838.39,3066
2024-03-29,North,Desktop,5125.25,108,0.0523,2833.26,1534
2024-03-29,South,Mobile,4069.31,81,0.0422,3376.73,2583
2024-03-29,South,Desktop,4239.02,107,0.0456,2983.03,1345
2024-03-30,East,Mobile,5602.43,90,0.0296,3179.19,3003
2024-03-30,East,Desktop,5522.73,102,0.0504,3033.65,1675
2024-03-30,West,Mobile,5857.21,115,0.0421,3937.84,2669
2024-03-30,West,Desktop,6137.74,90,0.0418,3741.0,1380
2024-03-30,North,Mobile,5849.91,115,0.0501,2816.57,2870
2024-03-30,North,Desktop,4482.6,91,0.0404,3185.94,1480
2024-03-30,South,Mobile,4613.25,107,0.052,2778.08,3048
2024-03-30,South,Desktop,4639.79,88,0.05,3050.42,1505
2024-03-31,East,Mobile,5137.47,91,0.0507,3000.1,2977
2024-03-31,East,Desktop,5152.0,90,0.0504,2797.56,1477
2024-03-31,West,Mobile,6016.33,101,0.0396,3977.18,2963
2024-03-31,West,Desktop,6352.63,88,0.0436,4132.98,1674
2024-03-31,North,Mobile,4450.86,104,0.0306,3007.04,3144
2024-03-31,North,Desktop,4620.84,89,0.0488,2768.58,1445
2024-03-31,South,Mobile,4452.79,92,0.0393,3111.63,2923
2024-03-31,South,Desktop,4340.72,95,0.0469,2981.44,1608
2024-04-01,East,Mobile,5281.35,97,0.0356,2994.75,2738
2024-04-01,East,Desktop,5009.82,103,0.0461,3117.43,1475
2024-04-01,West,Mobile,6195.87,106,0.0427,3739.0,2882
2024-04-01,West,Desktop,6174.79,100,0.0346,3931.3,1871
2024-04-01,North,Mobile,4855.98,91,0.0424,3046.86,3038
2024-04-01,North,Desktop,4496.85,108,0.048,2978.68,1590
2024-04-01,South,Mobile,4600.02,110,0.0348,3123.02,2850
2024-04-01,South,Desktop,4274.78,100,0.0442,3178.76,1527
2024-04-02,East,Mobile,5007.4,95,0.0414,3184.38,2950
2024-04-02,East,Desktop,5125.76,129,0.0463,3191.31,1517
2024-04-02,West,Mobile,6256.01,110,0.0466,4106.19,2990
2024-04-02,West,Desktop,5848.76,93,0.0467,4081.96,1506
2024-04-02,North,Mobile,5426.07,117,0.0359,2874.46,2838
2024-04-02,North,Desktop,5123.05,93,0.0518,3063.61,1545
2024-04-02,South,Mobile,3761.79,84,0.0419,2680.11,3011
2024-04-02,South,Desktop,4196.23,138,0.0565,2972.78,1524
2024-04-03,East,Mobile,5938.06,120,0.0323,2732.04,2766
2024-04-03,East,Desktop,5756.4,105,0.0503,2820.05,1192
2024-04-03,West,Mobile,6411.85,90,0.0304,3928.29,2978
2024-04-03,West,Desktop,5941.41,94,0.0442,3827.74,1337
2024-04-03,North,Mobile,4714.13,106,0.0421,3025.21,2710
2024-04-03,North,Desktop,4927.4,73,0.0459,3214.33,1318
2024-04-03,South,Mobile,4050.78,103,0.0468,2932.77,2756
2024-04-03,South,Desktop,3580.57,101,0.0552,3041.6,1536
2024-04-04,East,Mobile,5641.72,99,0.0364,3123.49,2893
2024-04-04,East,Desktop,5507.75,88,0.0515,3099.71,1457
2024-04-04,West,Mobile,6480.88,94,0.0366,3751.86,2594
2024-04-04,West,Desktop,6226.34,78,0.0389,3495.26,1527
2024-04-04,North,Mobile,4939.87,96,0.0353,2824.16,2929
2024-04-04,North,Desktop,4779.78,103,0.0406,3027.16,1735
2024-04-04,South,Mobile,4449.3,95,0.0418,2963.9,2861
2024-04-04,South,Desktop,4139.29,98,0.0461,2851.0,1387
2024-04-05,East,Mobile,4889.04,80,0.0344,3023.92,2726
2024-04-05,East,Desktop,5725.99,100,0.0352,3098.25,1661
2024-04-05,West,Mobile,5522.95,105,0.0362,3919.05,2670
2024-04-05,West,Desktop,5139.31,95,0.0444,3822.45,1362
2024-04-05,North,Mobile,4840.04,103,0.0403,3027.38,2759
2024-04-05,North,Desktop,5468.69,85,0.0474,3177.28,1612
2024-04-05,South,Mobile,4181.14,93,0.0457,2786.55,2714
2024-04-05,South,Desktop,4114.83,114,0.0469,2854.79,1493
2024-04-06,East,Mobile,5229.7,91,0.0454,2794.24,3101
2024-04-06,East,Desktop,5864.42,113,0.0427,2977.51,1325
2024-04-06,West,Mobile,5748.16,105,0.047,3684.1,2805
2024-04-06,West,Desktop,5927.38,83,0.048,3758.82,1510
2024-04-06,North,Mobile,4819.22,90,0.0405,2967.66,2804
2024-04-06,North,Desktop,4708.62,103,0.0533,3020.98,1689
2024-04-06,South,Mobile,3777.32,101,0.035,2778.46,2749
2024-04-06,South,Desktop,4655.25,111,0.0462,2770.09,1510
2024-04-07,East,Mobile,5632.75,102,0.0313,2866.45,2850
2024-04-07,East,Desktop,5735.97,73,0.0442,3021.46,1667
2024-04-07,West,Mobile,6332.57,106,0.0365,3527.94,2801
2024-04-07,West,Desktop,6480.78,116,0.0486,3983.72,1596
2024-04-07,North,Mobile,4777.55,98,0.0488,2858.62,3102
2024-04-07,North,Desktop,4871.19,115,0.038,3087.89,1429
2024-04-07,South,Mobile,3768.81,102,0.0455,2873.26,2635
2024-04-07,South,Desktop,4218.77,98,0.0477,3142.44,1531
2024-04-08,East,Mobile,6316.42,102,0.0388,2758.26,2820
2024-04-08,East,Desktop,5351.99,111,0.0473,2823.09,1565
2024-04-08,West,Mobile,6322.33,118,0.0449,4048.37,2869
2024-04-08,West,Desktop,6186.39,114,0.0383,3831.86,1424
2024-04-08,North,Mobile,5151.66,114,0.0375,2641.45,2798
2024-04-08,North,Desktop,5365.39,106,0.0471,2958.0,1348
2024-04-08,South,Mobile,4425.2,89,0.0514,3085.58,2772
2024-04-08,South,Desktop,4042.13,98,0.0438,3167.53,1567
2024-04-09,East,Mobile,5178.08,122,0.0407,3115.33,2768
2024-04-09,East,Desktop,5659.77,103,0.0356,3302.29,1733
2024-04-09,West,Mobile,5809.35,86,0.0422,3916.91,2913
2024-04-09,West,Desktop,6091.96,106,0.0522,4010.78,1382
2024-04-09,North,Mobile,5545.03,119,0.0563,2831.48,2896
2024-04-09,North,Desktop,4167.16,106,0.0423,3288.52,1423
2024-04-09,South,Mobile,3675.68,94,0.0306,3112.66,2550
2024-04-09,South,Desktop,4259.68,75,0.0434,3246.51,1594
2024-04-10,East,Mobile,5120.06,99,0.0406,3070.89,2654
2024-04-10,East,Desktop,5760.73,67,0.0419,2926.76,1634
2024-04-10,West,Mobile,6010.86,83,0.0356,3938.74,2848
2024-04-10,West,Desktop,5722.02,94,0.0485,3799.05,1526
2024-04-10,North,Mobile,5867.97,82,0.0312,3117.54,2758
2024-04-10,North,Desktop,4872.7,90,0.0437,3239.78,1660
2024-04-10,South,Mobile,4543.16,83,0.0347,2574.14,2738
2024-04-10,South,Desktop,4575.28,106,0.0439,2996.65,1436
2024-04-11,East,Mobile,5590.09,109,0.0324,3044.95,2999
2024-04-11,East,Desktop,5317.36,108,0.0591,2984.35,1598
2024-04-11,West,Mobile,5645.73,102,0.0428,3937.99,2707
2024-04-11,West,Desktop,6099.05,117,0.0472,4087.59,1504
2024-04-11,North,Mobile,5299.96,103,0.0357,3047.78,2711
2024-04-11,North,Desktop,4746.85,102,0.0465,2821.62,1698
2024-04-11,South,Mobile,4444.48,91,0.0328,2978.26,2793
2024-04-11,South,Desktop,4288.47,95,0.035,2941.75,1494
2024-04-12,East,Mobile,5778.81,91,0.0489,2713.25,3056
2024-04-12,East,Desktop,5401.3,110,0.0454,3170.93,1481
2024-04-12,West,Mobile,5472.66,117,0.0399,3943.2,3045
2024-04-12,West,Desktop,5504.66,107,0.0421,3874.23,1550
2024-04-12,North,Mobile,4399.91,90,0.0473,3132.93,2850
2024-04-12,North,Desktop,5097.25,96,0.0518,2969.95,1574
2024-04-12,South,Mobile,4639.65,90,0.0483,2770.43,3104
2024-04-12,South,Desktop,4123.29,97,0.0355,2931.78,1384
2024-04-13,East,Mobile,5232.64,98,0.0453,3031.14,2906
2024-04-13,East,Desktop,5017.97,89,0.054,2889.72,1788
2024-04-13,West,Mobile,5883.33,100,0.0459,4148.02,2843
2024-04-13,West,Desktop,5813.64,99,0.0467,4073.8,1540
2024-04-13,North,Mobile,5247.55,119,0.0424,3046.75,2632
2024-04-13,North,Desktop,3947.71,104,0.0445,2922.78,1576
2024-04-13,South,Mobile,4229.46,113,0.0409,2887.96,3008
2024-04-13,South,Desktop,4176.18,106,0.0426,2902.53,1552
2024-04-14,East,Mobile,5505.64,105,0.0392,2724.55,2795
2024-04-14,East,Desktop,5849.28,96,0.0438,3147.96,1433
2024-04-14,West,Mobile,5259.45,98,0.0381,3711.58,2833
2024-04-14,West,Desktop,6235.92,99,0.0465,4253.61,1488
2024-04-14,North,Mobile,5111.34,93,0.0363,2912.26,2788
2024-04-14,North,Desktop,5143.79,128,0.0414,2937.51,1530
2024-04-14,South,Mobile,4384.57,103,0.0469,2636.04,2501
2024-04-14,South,Desktop,4081.4,113,0.0372,2548.86,1625
2024-04-15,East,Mobile,5607.21,86,0.0356,2854.54,2876
2024-04-15,East,Desktop,5224.42,105,0.0307,2871.47,1371
2024-04-15,West,Mobile,5876.96,93,0.0445,3537.43,2866
2024-04-15,West,Desktop,6268.0,122,0.0426,3963.27,1269
2024-04-15,North,Mobile,4043.22,110,0.0405,3176.78,2653
2024-04-15,North,Desktop,5207.96,122,0.0471,3041.49,1541
2024-04-15,South,Mobile,3715.9,116,0.0374,3075.67,2625
2024-04-15,South,Desktop,3848.98,117,0.0433,3217.99,1528
2024-04-16,East,Mobile,4689.56,110,0.0376,3104.8,2863
2024-04-16,East,Desktop,4821.03,101,0.056,3073.95,1531
2024-04-16,West,Mobile,6516.16,102,0.0415,3687.13,2895
2024-04-16,West,Desktop,6497.01,89,0.0521,3882.12,1406
2024-04-16,North,Mobile,5399.05,96,0.0443,2956.24,2851
2024-04-16,North,Desktop,5197.42,103,0.035,2831.81,1679
2024-04-16,South,Mobile,4205.07,93,0.0337,2838.04,2556
2024-04-16,South,Desktop,4215.56,92,0.0402,2989.78,1594
2024-04-17,East,Mobile,6421.01,81,0.0463,3145.97,2743
2024-04-17,East,Desktop,5589.42,94,0.0459,3226.37,1630
2024-04-17,West,Mobile,6244.13,94,0.0331,3859.35,3040
2024-04-17,West,Desktop,5266.96,87,0.0456,3707.99,1421
2024-04-17,North,Mobile,4830.56,83,0.0356,3105.51,2663
2024-04-17,North,Desktop,4360.85,92,0.0487,2970.46,1470
2024-04-17,South,Mobile,4265.08,79,0.043,3057.52,2798
2024-04-17,South,Desktop,4592.01,86,0.0506,3023.17,1489
2024-04-18,East,Mobile,5491.26,98,0.0466,2838.5,2745
2024-04-18,East,Desktop,5955.97,92,0.0495,3254.92,1479
2024-04-18,West,Mobile,6327.05,86,0.0443,3938.89,2930
2024-04-18,West,Desktop,5690.13,80,0.0475,3497.64,1492
2024-04-18,North,Mobile,5376.47,102,0.0502,3153.77,2761
2024-04-18,North,Desktop,5010.93,99,0.0371,2858.94,1455
2024-04-18,South,Mobile,3557.69,100,0.0393,2749.07,2920
2024-04-18,South,Desktop,4493.4,102,0.0434,3088.72,1642
2024-04-19,East,Mobile,5635.26,90,0.0419,3179.32,2770
2024-04-19,East,Desktop,6423.09,93,0.0452,2899.13,1573
2024-04-19,West,Mobile,5163.73,93,0.035,3926.39,3009
2024-04-19,West,Desktop,6310.08,71,0.0552,3957.58,1423
2024-04-19,North,Mobile,5062.85,102,0.0372,3029.69,2768
2024-04-19,North,Desktop,4838.26,91,0.0378,3021.88,1627
2024-04-19,South,Mobile,4425.06,109,0.0421,2920.09,2985
2024-04-19,South,Desktop,3788.44,89,0.0402,3162.01,1681
2024-04-20,East,Mobile,4857.25,112,0.0268,3052.29,2841
2024-04-20,East,Desktop,5872.63,98,0.0431,3081.14,1671
2024-04-20,West,Mobile,3975.44,99,0.0259,2218.37,2890
2024-04-20,West,Desktop,5663.05,103,0.0353,2490.53,1207
2024-04-20,North,Mobile,4715.7,86,0.0375,3141.88,2724
2024-04-20,North,Desktop,4546.89,104,0.0408,3015.37,1467
2024-04-20,South,Mobile,3097.75,73,0.0323,2915.77,2777
2024-04-20,South,Desktop,4486.59,114,0.0436,2948.91,1615
2024-04-21,East,Mobile,4167.51,102,0.0339,3102.03,2569
2024-04-21,East,Desktop,5165.0,89,0.0455,3072.11,1764
2024-04-21,West,Mobile,4033.69,94,0.0369,2572.59,3050
2024-04-21,West,Desktop,5524.73,86,0.0383,2338.35,1639
2024-04-21,North,Mobile,4654.12,122,0.0354,3174.43,2772
2024-04-21,North,Desktop,4537.43,110,0.0471,3016.12,1598
2024-04-21,South,Mobile,3705.9,115,0.0377,3081.63,2986
2024-04-21,South,Desktop,4424.78,94,0.0488,2790.83,1698
2024-04-22,East,Mobile,4228.25,103,0.027,3083.01,2854
2024-04-22,East,Desktop,4798.31,105,0.0421,3132.17,1540
2024-04-22,West,Mobile,4332.86,88,0.0282,2476.87,2988
2024-04-22,West,Desktop,6124.63,90,0.0504,2259.99,1360
2024-04-22,North,Mobile,3924.02,83,0.0233,3061.95,2827
2024-04-22,North,Desktop,5151.76,108,0.0463,3098.66,1529
2024-04-22,South,Mobile,3269.46,112,0.0282,2859.66,2833
2024-04-22,South,Desktop,3939.64,94,0.0467,3052.25,1405
2024-04-23,East,Mobile,4492.6,112,0.0337,3311.26,3037
2024-04-23,East,Desktop,6003.49,83,0.0488,2992.03,1457
2024-04-23,West,Mobile,4256.45,111,0.0337,2423.65,2971
2024-04-23,West,Desktop,5124.56,102,0.0435,2507.26,1654
2024-04-23,North,Mobile,3896.33,123,0.0221,2910.35,2915
2024-04-23,North,Desktop,5233.73,98,0.0447,3061.58,1505
2024-04-23,South,Mobile,4015.13,110,0.0355,2855.08,2848
2024-04-23,South,Desktop,4147.84,87,0.0468,2919.35,1638
2024-04-24,East,Mobile,4274.75,120,0.0267,3032.9,2978
2024-04-24,East,Desktop,5248.92,110,0.0389,3217.82,1542
2024-04-24,West,Mobile,3999.61,96,0.0352,2460.92,2747
2024-04-24,West,Desktop,5304.3,85,0.0541,2463.21,1664
2024-04-24,North,Mobile,4321.22,88,0.0312,3117.6,2831
2024-04-24,North,Desktop,5477.25,112,0.0496,2931.05,1378
2024-04-24,South,Mobile,3435.17,102,0.0339,2674.26,2858
2024-04-24,South,Desktop,4303.75,96,0.0515,3063.27,1736
2024-04-25,East,Mobile,4594.23,111,0.0394,3196.75,2696
2024-04-25,East,Desktop,5388.38,95,0.0474,3102.95,1414
2024-04-25,West,Mobile,4222.79,75,0.0384,2470.06,2868
2024-04-25,West,Desktop,5266.23,113,0.0308,2532.89,1524
2024-04-25,North,Mobile,4095.76,120,0.0267,3115.77,2913
2024-04-25,North,Desktop,5504.61,91,0.0413,3164.41,1603
2024-04-25,South,Mobile,3166.01,93,0.0331,3125.66,2758
2024-04-25,South,Desktop,3259.15,106,0.0389,2697.4,1115
2024-04-26,East,Mobile,4979.43,101,0.0301,3208.35,2955
2024-04-26,East,Desktop,6211.17,83,0.0448,2757.49,1505
2024-04-26,West,Mobile,4116.47,107,0.0314,2614.02,2965
2024-04-26,West,Desktop,6330.93,96,0.0403,2566.19,1419
2024-04-26,North,Mobile,4753.87,96,0.0284,2929.3,2967
2024-04-26,North,Desktop,4936.9,92,0.0533,2871.57,1545
2024-04-26,South,Mobile,3801.02,80,0.0336,2841.73,2983
2024-04-26,South,Desktop,3922.7,108,0.0505,3129.22,1577
2024-04-27,East,Mobile,4588.49,93,0.0385,2895.08,2704
2024-04-27,East,Desktop,5792.76,90,0.0402,2783.46,1467
2024-04-27,West,Mobile,4172.21,102,0.0359,2601.78,2831
2024-04-27,West,Desktop,5314.38,106,0.0514,2551.01,1469
2024-04-27,North,Mobile,3912.43,82,0.0345,3086.7,2946
2024-04-27,North,Desktop,4948.54,116,0.0426,3143.29,1534
2024-04-27,South,Mobile,3436.69,107,0.0332,3053.55,2872
2024-04-27,South,Desktop,4237.12,128,0.0509,3108.42,1556
2024-04-28,East,Mobile,5051.68,106,0.0313,2954.47,2847
2024-04-28,East,Desktop,4105.01,102,0.0426,3238.9,1542
2024-04-28,West,Mobile,3800.51,99,0.026,2595.0,2903
2024-04-28,West,Desktop,5813.79,90,0.0452,2361.98,1645
2024-04-28,North,Mobile,4426.42,105,0.0312,3062.22,3100
2024-04-28,North,Desktop,4885.96,101,0.0396,2869.76,1554
2024-04-28,South,Mobile,3931.54,96,0.03,2938.97,2779
2024-04-28,South,Desktop,4350.29,82,0.0514,2900.19,1648
2024-04-29,East,Mobile,4200.02,108,0.0345,3057.63,2710
2024-04-29,East,Desktop,5609.8,85,0.0437,3154.41,1659
2024-04-29,West,Mobile,4205.1,88,0.0344,2537.46,2511
2024-04-29,West,Desktop,5738.1,99,0.051,2396.17,1063
2024-04-29,North,Mobile,4344.89,103,0.0227,2853.23,3273
2024-04-29,North,Desktop,4877.76,108,0.0417,2686.45,1514
2024-04-29,South,Mobile,3535.74,95,0.0306,3039.64,2837
2024-04-29,South,Desktop,3820.24,105,0.0353,2692.45,1650
2024-04-30,East,Mobile,4864.63,99,0.0242,2893.81,2820
2024-04-30,East,Desktop,4797.81,91,0.0483,3214.1,1477
2024-04-30,West,Mobile,4454.18,77,0.0345,2433.1,2906
2024-04-30,West,Desktop,5292.97,115,0.0406,2614.55,1498
2024-04-30,North,Mobile,4196.18,97,0.027,2997.89,2850
2024-04-30,North,Desktop,5096.5,101,0.049,3138.53,1382
2024-04-30,South,Mobile,3863.58,85,0.0341,3092.96,2573
2024-04-30,South,Desktop,4281.61,94,0.0412,3202.63,1441
2024-05-01,East,Mobile,4373.42,100,0.0346,2978.75,3034
2024-05-01,East,Desktop,5733.63,73,0.0424,2915.72,1611
2024-05-01,West,Mobile,3318.06,130,0.0338,2553.87,3037
2024-05-01,West,Desktop,6412.46,110,0.0497,2551.56,1518
2024-05-01,North,Mobile,4088.23,90,0.0277,2797.42,2848
2024-05-01,North,Desktop,4326.13,102,0.0448,3022.04,1461
2024-05-01,South,Mobile,4501.71,116,0.025,3034.93,2768
2024-05-01,South,Desktop,3905.08,83,0.0472,2897.79,1685
2024-05-02,East,Mobile,5046.67,116,0.0269,3071.3,2954
2024-05-02,East,Desktop,5291.36,90,0.053,3034.12,1635
2024-05-02,West,Mobile,3923.78,85,0.0283,2519.28,2700
2024-05-02,West,Desktop,5395.75,79,0.0394,2620.04,1630
2024-05-02,North,Mobile,4116.76,87,0.026,2944.01,2956
2024-05-02,North,Desktop,5371.3,94,0.0392,3040.18,1416
2024-05-02,South,Mobile,3462.72,115,0.0353,3023.7,2669
2024-05-02,South,Desktop,4321.87,112,0.0431,3202.67,1733
2024-05-03,East,Mobile,5297.24,103,0.0341,3212.13,2927
2024-05-03,East,Desktop,5279.46,94,0.0462,2806.42,1518
2024-05-03,West,Mobile,4568.44,73,0.0389,2677.26,2791
2024-05-03,West,Desktop,5634.74,100,0.0511,2659.56,1329
2024-05-03,North,Mobile,4449.67,97,0.0316,2890.77,3122
2024-05-03,North,Desktop,5416.02,91,0.0383,2942.15,1605
2024-05-03,South,Mobile,3681.92,115,0.0351,3145.44,2909
2024-05-03,South,Desktop,3777.64,97,0.0503,2992.27,1615
2024-05-04,East,Mobile,4555.79,87,0.0306,3046.36,2761
2024-05-04,East,Desktop,5396.29,88,0.0506,2955.83,1757
2024-05-04,West,Mobile,4713.66,99,0.0261,2270.61,2639
2024-05-04,West,Desktop,4806.5,116,0.0456,2584.38,1206
2024-05-04,North,Mobile,3842.69,110,0.0326,2977.92,2944
2024-05-04,North,Desktop,5654.32,97,0.0453,3028.89,1898
2024-05-04,South,Mobile,3005.79,108,0.0306,3085.02,2761
2024-05-04,South,Desktop,4233.35,108,0.0606,3121.21,1412
2024-05-05,East,Mobile,4516.51,94,0.0222,2950.49,2969
2024-05-05,East,Desktop,4939.34,112,0.0474,2889.87,1518
2024-05-05,West,Mobile,4737.04,108,0.0312,2504.87,2871
2024-05-05,West,Desktop,5178.92,74,0.0552,2554.69,1599
2024-05-05,North,Mobile,4230.31,91,0.0303,2760.09,3201
2024-05-05,North,Desktop,4506.2,87,0.0428,3193.21,1542
2024-05-05,South,Mobile,3255.26,115,0.0348,3080.77,2967
2024-05-05,South,Desktop,5064.08,126,0.0416,3243.58,1597
2024-05-06,East,Mobile,4861.66,79,0.0303,2878.08,2984
2024-05-06,East,Desktop,5971.28,75,0.0449,3168.28,1511
2024-05-06,West,Mobile,4444.97,104,0.0329,2500.61,2677
2024-05-06,West,Desktop,4915.5,108,0.0451,2517.44,1476
2024-05-06,North,Mobile,4146.24,112,0.0295,2798.84,2971
2024-05-06,North,Desktop,4918.05,100,0.053,2996.92,1583
2024-05-06,South,Mobile,3271.79,97,0.0342,2766.69,2890
2024-05-06,South,Desktop,4284.27,100,0.0502,3050.17,1761
2024-05-07,East,Mobile,4303.4,101,0.0316,2839.61,3003
2024-05-07,East,Desktop,6522.86,99,0.0475,3012.68,1432
2024-05-07,West,Mobile,3588.22,91,0.0242,2750.99,2842
2024-05-07,West,Desktop,5250.56,110,0.0394,2437.8,1550
2024-05-07,North,Mobile,4599.78,106,0.0324,3011.72,2920
2024-05-07,North,Desktop,5080.66,87,0.0452,2838.95,1552
2024-05-07,South,Mobile,3473.59,130,0.031,2789.36,2839
2024-05-07,South,Desktop,4426.58,120,0.0421,2762.64,1662
2024-05-08,East,Mobile,4158.66,94,0.0299,2989.55,2963
2024-05-08,East,Desktop,5199.2,96,0.0449,3022.44,1554
2024-05-08,West,Mobile,4346.5,110,0.0331,2592.49,2622
2024-05-08,West,Desktop,5421.7,105,0.0486,2447.24,1441
2024-05-08,North,Mobile,4054.81,106,0.0364,2938.88,2996
2024-05-08,North,Desktop,5049.39,98,0.0439,3111.99,1588
2024-05-08,South,Mobile,4270.21,89,0.0338,2920.62,2729
2024-05-08,South,Desktop,4246.31,101,0.0596,2972.38,1370
2024-05-09,East,Mobile,4777.11,75,0.0307,3002.4,2979
2024-05-09,East,Desktop,5928.39,93,0.0442,2885.08,1370
2024-05-09,West,Mobile,4304.12,84,0.0291,2408.86,2942
2024-05-09,West,Desktop,6178.22,84,0.0357,2519.17,1542
2024-05-09,North,Mobile,4324.34,94,0.0302,3055.13,3016
2024-05-09,North,Desktop,4217.98,95,0.0461,2862.3,1799
2024-05-09,South,Mobile,3428.87,99,0.034,2911.31,2583
2024-05-09,South,Desktop,4104.26,112,0.0433,2873.03,1678
2024-05-10,East,Mobile,4551.29,93,0.0319,3115.61,3217
2024-05-10,East,Desktop,5863.98,113,0.0425,2846.12,1549
2024-05-10,West,Mobile,4236.01,87,0.0303,2585.61,2914
2024-05-10,West,Desktop,5617.85,103,0.0425,2469.86,1360
2024-05-10,North,Mobile,4856.82,100,0.0301,2860.68,3300
2024-05-10,North,Desktop,4570.67,94,0.0471,3090.03,1683
2024-05-10,South,Mobile,4134.9,106,0.0259,2961.46,2906
2024-05-10,South,Desktop,4953.2,83,0.051,3026.99,1665
2024-05-11,East,Mobile,4636.85,89,0.0349,3098.16,3005
2024-05-11,East,Desktop,5494.15,92,0.0372,3122.91,1603
2024-05-11,West,Mobile,3875.5,93,0.0289,2347.03,2737
2024-05-11,West,Desktop,4910.19,95,0.0413,2328.78,1843
2024-05-11,North,Mobile,4675.86,90,0.0325,3062.62,3038
2024-05-11,North,Desktop,4672.56,113,0.0423,2799.62,1648
2024-05-11,South,Mobile,3985.53,131,0.0252,3104.84,2798
2024-05-11,South,Desktop,4516.34,82,0.0387,2883.62,1551
2024-05-12,East,Mobile,4435.24,107,0.0363,3089.94,3102
2024-05-12,East,Desktop,5682.96,85,0.0518,2909.23,1676
2024-05-12,West,Mobile,4728.77,105,0.0237,2418.62,3058
2024-05-12,West,Desktop,5326.94,100,0.0488,2623.26,1581
2024-05-12,North,Mobile,4179.05,96,0.0355,3083.04,2821
2024-05-12,North,Desktop,5432.84,98,0.0407,2886.15,1393
2024-05-12,South,Mobile,3533.77,114,0.0272,3028.27,2761
2024-05-12,South,Desktop,4161.49,81,0.0439,2970.94,1621
2024-05-13,East,Mobile,4758.51,85,0.0366,3031.55,2889
2024-05-13,East,Desktop,5495.96,93,0.0461,3071.34,1277
2024-05-13,West,Mobile,4018.98,96,0.0325,2686.25,2744
2024-05-13,West,Desktop,5184.88,93,0.041,2490.99,1655
2024-05-13,North,Mobile,3891.7,105,0.0227,2915.8,2810
2024-05-13,North,Desktop,5669.94,96,0.034,2700.17,1545
2024-05-13,South,Mobile,3789.88,104,0.032,3174.34,2779
2024-05-13,South,Desktop,4554.27,80,0.0405,2728.94,1498
2024-05-14,East,Mobile,4657.7,101,0.0315,2860.87,2831
2024-05-14,East,Desktop,4841.12,116,0.0435,2926.67,1778
2024-05-14,West,Mobile,3782.61,86,0.0257,2526.4,2924
2024-05-14,West,Desktop,5719.54,130,0.0338,2612.16,1456
2024-05-14,North,Mobile,4050.62,92,0.0266,3252.68,2986
2024-05-14,North,Desktop,5009.28,116,0.0374,2800.39,1213
2024-05-14,South,Mobile,3410.37,101,0.0317,3022.4,2648
2024-05-14,South,Desktop,4523.07,102,0.0487,2716.09,1586
2024-05-15,East,Mobile,4230.78,95,0.0339,3013.66,2732
2024-05-15,East,Desktop,5502.76,81,0.0508,2969.21,1707
2024-05-15,West,Mobile,4023.09,93,0.0274,2646.06,2753
2024-05-15,West,Desktop,5678.47,95,0.0351,2462.71,1363
2024-05-15,North,Mobile,4261.53,85,0.0358,2986.34,2833
2024-05-15,North,Desktop,5262.36,111,0.0449,2884.32,1273
2024-05-15,South,Mobile,3414.23,92,0.0317,2948.23,2963
2024-05-15,South,Desktop,4041.59,99,0.0509,3051.27,1530
2024-05-16,East,Mobile,4449.87,92,0.0269,2918.85,2973
2024-05-16,East,Desktop,5402.37,83,0.0538,3047.99,1328
2024-05-16,West,Mobile,4051.54,101,0.0397,2394.55,3006
2024-05-16,West,Desktop,6004.58,92,0.0436,2403.65,1509
2024-05-16,North,Mobile,4237.56,107,0.0366,2887.79,2564
2024-05-16,North,Desktop,4991.5,103,0.0462,2951.0,1558
2024-05-16,South,Mobile,4050.46,104,0.0293,2924.97,2834
2024-05-16,South,Desktop,4806.49,97,0.0449,2927.65,1704
2024-05-17,East,Mobile,5407.98,105,0.0316,3005.52,2502
2024-05-17,East,Desktop,5827.87,101,0.0471,2893.28,1482
2024-05-17,West,Mobile,4061.9,112,0.0293,2798.98,2924
2024-05-17,West,Desktop,4848.91,98,0.0417,2256.86,1779
2024-05-17,North,Mobile,4489.07,106,0.032,2792.7,2787
2024-05-17,North,Desktop,5336.71,87,0.0323,2965.93,1518
2024-05-17,South,Mobile,3651.68,108,0.0344,3038.82,3039
2024-05-17,South,Desktop,3733.55,106,0.0481,2814.07,1314
2024-05-18,East,Mobile,4396.02,92,0.035,2907.82,2731
2024-05-18,East,Desktop,5230.88,113,0.0451,2973.11,1523
2024-05-18,West,Mobile,4634.13,91,0.0378,2561.68,2835
2024-05-18,West,Desktop,6480.39,87,0.0432,2378.79,1682
2024-05-18,North,Mobile,4824.32,120,0.0373,2970.36,2805
2024-05-18,North,Desktop,4331.53,124,0.0473,2926.21,1739
2024-05-18,South,Mobile,3331.37,104,0.0303,3095.8,2850
2024-05-18,South,Desktop,3756.68,100,0.0502,2995.62,1656
2024-05-19,East,Mobile,4283.97,99,0.0281,3112.05,2864
2024-05-19,East,Desktop,5803.63,113,0.0485,3040.97,1390
2024-05-19,West,Mobile,4199.06,93,0.0295,2487.53,2713
2024-05-19,West,Desktop,4554.43,91,0.046,2364.12,1542
2024-05-19,North,Mobile,4896.09,112,0.0394,3058.67,3035
2024-05-19,North,Desktop,4710.41,92,0.0313,3177.92,1771
2024-05-19,South,Mobile,3452.63,96,0.0274,3057.4,3028
2024-05-19,South,Desktop,3657.46,104,0.0436,3017.01,1608
2024-05-20,East,Mobile,4604.61,98,0.0301,3145.55,2922
2024-05-20,East,Desktop,5597.06,84,0.0431,3134.8,1545
2024-05-20,West,Mobile,4421.6,121,0.0364,2546.81,2783
2024-05-20,West,Desktop,4296.87,97,0.0434,2584.48,1516
2024-05-20,North,Mobile,4141.07,78,0.0265,3071.5,3117
2024-05-20,North,Desktop,4960.99,103,0.0498,2878.37,1595
2024-05-20,South,Mobile,3398.5,110,0.0319,3044.77,2742
2024-05-20,South,Desktop,4490.39,125,0.04,2949.04,1574
2024-05-21,East,Mobile,4969.12,93,0.017,3203.88,2974
2024-05-21,East,Desktop,4733.1,92,0.0528,3217.17,1680
2024-05-21,West,Mobile,4140.83,100,0.0305,2678.0,2728
2024-05-21,West,Desktop,5051.89,112,0.0448,2709.72,1439
2024-05-21,North,Mobile,4231.38,88,0.0312,2778.22,2786
2024-05-21,North,Desktop,4425.5,108,0.0486,2740.46,1740
2024-05-21,South,Mobile,4334.25,100,0.028,3423.65,2662
2024-05-21,South,Desktop,4256.84,102,0.0517,3053.96,1465
2024-05-22,East,Mobile,4319.26,95,0.0262,3007.17,2775
2024-05-22,East,Desktop,4842.62,115,0.0425,2809.78,1514
2024-05-22,West,Mobile,4222.97,79,0.0328,2402.27,3116
2024-05-22,West,Desktop,5626.35,95,0.0413,2521.7,1631
2024-05-22,North,Mobile,4241.33,97,0.0315,2909.42,2808
2024-05-22,North,Desktop,4165.68,111,0.0465,2883.98,1824
2024-05-22,South,Mobile,3637.65,87,0.0355,3059.71,2919
2024-05-22,South,Desktop,4105.24,105,0.0437,3083.39,1254
2024-05-23,East,Mobile,4512.73,120,0.0273,2909.42,2792
2024-05-23,East,Desktop,4965.49,73,0.0438,3020.38,1532
2024-05-23,West,Mobile,4151.32,100,0.0363,2510.86,2773
2024-05-23,West,Desktop,5278.55,106,0.0521,2455.38,1554
2024-05-23,North,Mobile,4365.04,88,0.0313,2780.15,2594
2024-05-23,North,Desktop,5146.7,95,0.046,2997.32,1393
2024-05-23,South,Mobile,3599.42,85,0.0381,2796.6,2830
2024-05-23,South,Desktop,3895.63,106,0.0433,2922.2,1667
2024-05-24,East,Mobile,4686.01,106,0.0263,2789.28,2876
2024-05-24,East,Desktop,5359.71,107,0.0446,3030.76,1296
2024-05-24,West,Mobile,4834.51,98,0.0347,2429.03,2906
2024-05-24,West,Desktop,4837.17,105,0.0432,2538.7,1644
2024-05-24,North,Mobile,3830.94,91,0.0335,3314.73,2839
2024-05-24,North,Desktop,5236.45,98,0.0547,2737.92,1554
2024-05-24,South,Mobile,3142.72,69,0.0327,3020.92,2817
2024-05-24,South,Desktop,4213.89,137,0.0437,3076.52,1442
2024-05-25,East,Mobile,4785.42,97,0.0291,3272.83,3036
2024-05-25,East,Desktop,5560.17,72,0.0432,3405.45,1505
2024-05-25,West,Mobile,4570.68,117,0.0323,2428.3,2494
2024-05-25,West,Desktop,5695.56,90,0.0459,2376.59,1500
2024-05-25,North,Mobile,4261.46,103,0.0256,3179.54,2770
2024-05-25,North,Desktop,4330.21,98,0.0452,3024.09,1744
2024-05-25,South,Mobile,3544.17,98,0.0257,3123.08,2887
2024-05-25,South,Desktop,4107.19,77,0.0522,2815.85,1451
2024-05-26,East,Mobile,4809.02,85,0.0237,2681.41,2968
2024-05-26,East,Desktop,5260.12,135,0.04,2861.78,1455
2024-05-26,West,Mobile,4281.69,94,0.0342,2410.96,2652
2024-05-26,West,Desktop,4623.17,73,0.0424,2496.85,1445
2024-05-26,North,Mobile,4672.76,114,0.0295,2730.91,2774
2024-05-26,North,Desktop,4760.07,92,0.0415,2901.98,1482
2024-05-26,South,Mobile,3428.83,102,0.033,2863.4,3050
2024-05-26,South,Desktop,3916.78,80,0.0469,2877.39,1588
2024-05-27,East,Mobile,3776.03,116,0.0345,2774.93,2638
2024-05-27,East,Desktop,6235.8,91,0.0408,2660.09,1487
2024-05-27,West,Mobile,4123.49,108,0.0242,2342.3,2927
2024-05-27,West,Desktop,5834.91,81,0.0504,2539.76,1703
2024-05-27,North,Mobile,4226.13,69,0.0304,3159.02,2725
2024-05-27,North,Desktop,4844.81,97,0.0305,3250.7,1404
2024-05-27,South,Mobile,3758.66,98,0.0375,3060.91,2824
2024-05-27,South,Desktop,3946.2,109,0.0356,3096.88,1375
2024-05-28,East,Mobile,5143.35,101,0.0344,3012.3,2597
2024-05-28,East,Desktop,5121.28,108,0.0458,3177.15,1600
2024-05-28,West,Mobile,3875.19,90,0.0317,2241.69,3111
2024-05-28,West,Desktop,5590.83,114,0.0371,2692.75,1874
2024-05-28,North,Mobile,3800.9,109,0.0312,2768.33,2933
2024-05-28,North,Desktop,5333.44,92,0.0508,2749.99,1315
2024-05-28,South,Mobile,3651.98,100,0.0276,3121.44,2939
2024-05-28,South,Desktop,4541.77,98,0.048,2933.15,1848
2024-05-29,East,Mobile,4371.11,125,0.0314,2793.67,3065
2024-05-29,East,Desktop,5555.4,110,0.0511,3050.69,1451
2024-05-29,West,Mobile,4527.84,100,0.0346,2262.01,2927
2024-05-29,West,Desktop,5124.13,119,0.0481,2565.4,1612
2024-05-29,North,Mobile,3910.53,119,0.0411,3058.94,3098
2024-05-29,North,Desktop,4772.34,90,0.0452,3065.24,1480
2024-05-29,South,Mobile,3767.92,103,0.0262,3077.82,2989
2024-05-29,South,Desktop,4308.3,113,0.0389,3070.19,1364
2024-05-30,East,Mobile,4258.33,92,0.0265,2917.8,2827
2024-05-30,East,Desktop,5868.35,96,0.0371,3171.01,1414
2024-05-30,West,Mobile,4180.27,105,0.0322,2673.69,2931
2024-05-30,West,Desktop,5027.91,126,0.046,2516.32,1684
2024-05-30,North,Mobile,4334.81,104,0.0436,2958.73,2812
2024-05-30,North,Desktop,5046.63,112,0.0375,2705.17,1451
2024-05-30,South,Mobile,3140.3,94,0.0337,2866.39,2645
2024-05-30,South,Desktop,4273.57,110,0.0365,3123.03,1662
2024-05-31,East,Mobile,5031.83,114,0.0422,2946.59,2876
2024-05-31,East,Desktop,5316.77,100,0.0527,2798.25,1410
2024-05-31,West,Mobile,4662.73,112,0.0294,2643.3,2911
2024-05-31,West,Desktop,6048.12,100,0.0501,2869.88,1629
2024-05-31,North,Mobile,4266.77,108,0.0294,3358.2,2887
2024-05-31,North,Desktop,4890.83,89,0.0505,3130.08,1465
2024-05-31,South,Mobile,3779.09,81,0.0321,3067.91,3116
2024-05-31,South,Desktop,3987.92,84,0.0405,2799.51,1740
2024-06-01,East,Mobile,5254.19,103,0.0373,3020.09,2845
2024-06-01,East,Desktop,5353.46,96,0.0373,3039.64,1533
2024-06-01,West,Mobile,4450.44,101,0.0304,2424.58,2870
2024-06-01,West,Desktop,5718.92,86,0.0454,2564.54,1432
2024-06-01,North,Mobile,4050.13,102,0.0255,3052.49,2725
2024-06-01,North,Desktop,5425.14,128,0.0407,3080.13,1430
2024-06-01,South,Mobile,3913.34,84,0.0336,2869.05,2828
2024-06-01,South,Desktop,3899.45,109,0.0408,3082.79,1488
2024-06-02,East,Mobile,4632.19,101,0.0274,3031.56,3089
2024-06-02,East,Desktop,5157.64,114,0.0525,2877.58,1321
2024-06-02,West,Mobile,4301.46,93,0.0405,2539.41,2739
2024-06-02,West,Desktop,4904.43,113,0.0421,2540.56,1683
2024-06-02,North,Mobile,4085.35,99,0.0311,3102.5,2948
2024-06-02,North,Desktop,4911.95,100,0.0431,2778.36,1578
2024-06-02,South,Mobile,4159.34,89,0.0273,2869.39,2968
2024-06-02,South,Desktop,4402.49,98,0.0404,3013.86,1305
2024-06-03,East,Mobile,4728.64,110,0.0249,2770.12,3096
2024-06-03,East,Desktop,5230.83,113,0.0442,2975.71,1605
2024-06-03,West,Mobile,3902.98,101,0.0293,2367.63,2910
2024-06-03,West,Desktop,5286.25,98,0.0389,2736.71,1671
2024-06-03,North,Mobile,4577.81,96,0.0225,3292.94,2850
2024-06-03,North,Desktop,4700.48,105,0.0508,2996.54,1731
2024-06-03,South,Mobile,3925.49,87,0.0278,3143.63,2453
2024-06-03,South,Desktop,4199.19,82,0.0426,2955.18,1486
2024-06-04,East,Mobile,4468.45,86,0.0426,3280.12,2685
2024-06-04,East,Desktop,6196.13,95,0.0456,2990.51,1441
2024-06-04,West,Mobile,4530.57,101,0.0288,2369.64,2725
2024-06-04,West,Desktop,4690.92,100,0.039,2501.34,1745
2024-06-04,North,Mobile,4657.76,99,0.0307,3281.98,2938
2024-06-04,North,Desktop,4868.88,82,0.047,3124.4,1445
2024-06-04,South,Mobile,3696.66,95,0.0303,2626.83,2826
2024-06-04,South,Desktop,4579.59,92,0.0453,2886.61,1594
2024-06-05,East,Mobile,4594.02,88,0.0378,3139.34,2769
2024-06-05,East,Desktop,5719.03,106,0.0482,2745.86,1690
2024-06-05,West,Mobile,4008.58,95,0.0444,2573.26,2802
2024-06-05,West,Desktop,4447.31,116,0.0383,2407.81,1490
2024-06-05,North,Mobile,4731.58,109,0.0304,3046.24,2769
2024-06-05,North,Desktop,5055.86,100,0.0498,3145.08,1614
2024-06-05,South,Mobile,3507.78,108,0.0307,2837.71,2799
2024-06-05,South,Desktop,4278.74,110,0.0441,2818.62,1548
2024-06-06,East,Mobile,4717.43,102,0.0358,3152.84,2770
2024-06-06,East,Desktop,5228.9,87,0.0485,3217.32,1492
2024-06-06,West,Mobile,4118.88,117,0.0337,2590.29,2681
2024-06-06,West,Desktop,5693.21,88,0.0393,2491.05,1452
2024-06-06,North,Mobile,4174.66,82,0.036,3169.15,2567
2024-06-06,North,Desktop,5391.38,90,0.0493,2989.73,1544
2024-06-06,South,Mobile,3559.01,114,0.025,3091.18,3025
2024-06-06,South,Desktop,4493.56,127,0.0424,3143.6,1524
2024-06-07,East,Mobile,5136.29,99,0.0292,3195.91,2786
2024-06-07,East,Desktop,4878.4,93,0.0481,3208.81,1556
2024-06-07,West,Mobile,4642.91,83,0.029,2498.42,2842
2024-06-07,West,Desktop,5436.33,108,0.0428,2552.62,1533
2024-06-07,North,Mobile,3935.2,98,0.0305,2975.24,2864
2024-06-07,North,Desktop,5030.27,94,0.0514,2824.58,1431
2024-06-07,South,Mobile,4415.91,87,0.0244,3110.17,2548
2024-06-07,South,Desktop,4170.01,125,0.0373,2702.71,1315
2024-06-08,East,Mobile,5010.99,113,0.0286,3102.48,3068
2024-06-08,East,Desktop,6286.43,97,0.0335,2876.87,1475
2024-06-08,West,Mobile,4113.0,97,0.0368,2696.53,2834
2024-06-08,West,Desktop,5874.55,104,0.0453,2649.9,1550
2024-06-08,North,Mobile,4949.66,82,0.0286,2981.02,2925
2024-06-08,North,Desktop,5507.18,99,0.0379,3126.38,1653
2024-06-08,South,Mobile,3051.3,99,0.0232,2900.3,2724
2024-06-08,South,Desktop,4525.15,101,0.0386,3132.01,1324
2024-06-09,East,Mobile,4798.46,90,0.0294,3075.64,2938
2024-06-09,East,Desktop,6088.27,99,0.0465,2934.34,1567
2024-06-09,West,Mobile,4347.67,98,0.0222,2577.01,2914
2024-06-09,West,Desktop,5106.17,84,0.0524,2597.29,1505
2024-06-09,North,Mobile,3863.41,90,0.0377,3020.65,2777
2024-06-09,North,Desktop,5203.88,90,0.0525,3202.92,1470
2024-06-09,South,Mobile,3430.81,68,0.0238,2799.08,2880
2024-06-09,South,Desktop,4139.08,83,0.0436,3075.8,1619
2024-06-10,East,Mobile,3964.52,98,0.0243,3135.26,2977
2024-06-10,East,Desktop,5104.87,90,0.0427,2662.08,1590
2024-06-10,West,Mobile,4108.32,111,0.0257,2456.53,2634
2024-06-10,West,Desktop,4966.15,85,0.05,2446.5,1558
2024-06-10,North,Mobile,4120.54,84,0.0303,3089.87,2678
2024-06-10,North,Desktop,5323.65,89,0.0426,3079.6,1440
2024-06-10,South,Mobile,3623.36,96,0.0318,2642.89,2585
2024-06-10,South,Desktop,4459.43,112,0.0404,2963.4,1584
2024-06-11,East,Mobile,4934.26,75,0.0268,2950.11,2965
2024-06-11,East,Desktop,6599.31,97,0.038,3060.34,1738
2024-06-11,West,Mobile,4236.29,89,0.036,2619.1,2706
2024-06-11,West,Desktop,5564.78,111,0.0509,2526.58,1486
2024-06-11,North,Mobile,4667.27,85,0.0334,2794.5,3019
2024-06-11,North,Desktop,4896.78,115,0.0475,2816.52,1753
2024-06-11,South,Mobile,4060.81,110,0.0274,2954.1,2881
2024-06-11,South,Desktop,4010.74,120,0.0457,2594.5,1590
2024-06-12,East,Mobile,4544.79,99,0.0293,3121.06,3027
2024-06-12,East,Desktop,5624.54,95,0.0448,3002.94,1419
2024-06-12,West,Mobile,4394.52,105,0.0389,2694.12,2757
2024-06-12,West,Desktop,5754.37,88,0.0485,2469.52,1386
2024-06-12,North,Mobile,4345.22,67,0.0224,2973.38,2872
2024-06-12,North,Desktop,4852.27,81,0.0409,3058.68,1627
2024-06-12,South,Mobile,3607.81,113,0.0332,2887.88,2817
2024-06-12,South,Desktop,3773.03,98,0.0506,3102.79,1750
2024-06-13,East,Mobile,4561.72,116,0.0302,3220.74,2856
2024-06-13,East,Desktop,5811.18,117,0.044,3032.76,1733
2024-06-13,West,Mobile,4155.31,84,0.0419,2475.46,2883
2024-06-13,West,Desktop,5899.39,92,0.04,2567.16,1271
2024-06-13,North,Mobile,4152.11,102,0.0298,2768.48,3099
2024-06-13,North,Desktop,5041.42,117,0.0437,2868.0,1580
2024-06-13,South,Mobile,3550.14,85,0.0385,2906.66,2583
2024-06-13,South,Desktop,4701.58,93,0.042,2735.19,1801
2024-06-14,East,Mobile,4192.73,100,0.0357,3063.26,2851
2024-06-14,East,Desktop,4751.27,90,0.0459,2881.92,1570
2024-06-14,West,Mobile,4429.07,111,0.0251,2813.42,2975
2024-06-14,West,Desktop,5399.26,113,0.0568,2352.64,1506
2024-06-14,North,Mobile,3441.33,102,0.033,2994.13,2761
2024-06-14,North,Desktop,4180.19,104,0.0523,2911.35,1606
2024-06-14,South,Mobile,3159.31,105,0.0292,2885.64,2745
2024-06-14,South,Desktop,4116.17,104,0.0384,2940.43,1533
2024-06-15,East,Mobile,4263.96,121,0.0269,2899.58,2713
2024-06-15,East,Desktop,6291.33,106,0.0403,3165.93,1570
2024-06-15,West,Mobile,4286.44,95,0.0274,2577.81,2778
2024-06-15,West,Desktop,6184.84,84,0.0527,2520.89,1584
2024-06-15,North,Mobile,4533.27,92,0.0355,2593.87,2752
2024-06-15,North,Desktop,4630.37,84,0.0439,3057.86,1645
2024-06-15,South,Mobile,3682.11,92,0.033,3018.64,3000
2024-06-15,South,Desktop,4514.16,100,0.0405,2902.06,1457
2024-06-16,East,Mobile,4557.09,103,0.0348,2992.33,2862
2024-06-16,East,Desktop,5563.05,93,0.0404,2736.68,1435
2024-06-16,West,Mobile,4358.98,91,0.03,2594.12,2938
2024-06-16,West,Desktop,4933.64,111,0.0506,2391.79,1416
2024-06-16,North,Mobile,4654.97,98,0.0201,2790.05,2822
2024-06-16,North,Desktop,4534.78,95,0.0452,3219.34,1496
2024-06-16,South,Mobile,3922.46,117,0.0384,3042.71,2565
2024-06-16,South,Desktop,4406.68,112,0.0446,3261.69,1668
2024-06-17,East,Mobile,4887.53,113,0.0329,2626.08,2785
2024-06-17,East,Desktop,6026.75,90,0.0439,2843.27,1807
2024-06-17,West,Mobile,4764.98,89,0.0319,2448.75,2952
2024-06-17,West,Desktop,5620.18,109,0.0467,2907.06,1385
2024-06-17,North,Mobile,3668.39,95,0.0233,2776.13,2709
2024-06-17,North,Desktop,4631.12,88,0.0476,2924.07,1513
2024-06-17,South,Mobile,3870.93,90,0.0299,3054.86,2568
2024-06-17,South,Desktop,3439.13,104,0.0475,3309.63,1563
2024-06-18,East,Mobile,4981.58,97,0.0327,3250.09,2541
2024-06-18,East,Desktop,5681.99,125,0.0464,3247.59,1445
2024-06-18,West,Mobile,4189.23,100,0.0201,2386.93,2695
2024-06-18,West,Desktop,5755.13,110,0.0466,2639.46,1515
2024-06-18,North,Mobile,4658.66,100,0.0315,2960.16,2962
2024-06-18,North,Desktop,4831.52,111,0.0393,2835.16,1643
2024-06-18,South,Mobile,3586.91,94,0.0356,2908.91,2829
2024-06-18,South,Desktop,4725.74,118,0.0529,2957.68,1724
2024-06-19,East,Mobile,4320.09,89,0.0194,3250.93,2730
2024-06-19,East,Desktop,5444.33,89,0.0485,2943.65,1344
2024-06-19,West,Mobile,4348.4,82,0.027,2267.95,2646
2024-06-19,West,Desktop,5477.12,76,0.0376,2534.7,1458
2024-06-19,North,Mobile,4927.29,122,0.0268,3083.57,2972
2024-06-19,North,Desktop,4761.01,82,0.0449,2974.07,1474
2024-06-19,South,Mobile,3740.33,90,0.0254,3016.36,2917
2024-06-19,South,Desktop,3849.94,111,0.0361,2913.28,1501
2024-06-20,East,Mobile,4437.05,93,0.0405,2872.37,3226
2024-06-20,East,Desktop,5692.34,101,0.0474,3379.49,1390
2024-06-20,West,Mobile,3823.54,90,0.0313,2316.26,2863
2024-06-20,West,Desktop,6131.61,101,0.0435,2456.65,1674
2024-06-20,North,Mobile,3969.22,122,0.0409,3038.51,2858
2024-06-20,North,Desktop,5412.26,113,0.041,2921.02,1341
2024-06-20,South,Mobile,3730.72,107,0.0244,2931.72,2657
2024-06-20,South,Desktop,3944.41,106,0.0413,2954.88,1295
2024-06-21,East,Mobile,4744.93,99,0.0275,2971.65,2887
2024-06-21,East,Desktop,5141.46,82,0.054,2905.01,1525
2024-06-21,West,Mobile,4539.64,142,0.025,2592.02,2753
2024-06-21,West,Desktop,5167.24,91,0.0394,2529.77,1318
2024-06-21,North,Mobile,4571.91,100,0.0333,2930.07,2804
2024-06-21,North,Desktop,5115.03,86,0.0432,2871.06,1406
2024-06-21,South,Mobile,3002.76,116,0.0278,3174.51,3020
2024-06-21,South,Desktop,3812.76,86,0.0578,3262.64,1535
2024-06-22,East,Mobile,4771.26,92,0.0333,2892.42,2555
2024-06-22,East,Desktop,4918.52,100,0.0393,2989.91,1378
2024-06-22,West,Mobile,3937.13,110,0.0324,2533.78,2991
2024-06-22,West,Desktop,5607.62,117,0.0427,2480.54,1344
2024-06-22,North,Mobile,4104.15,111,0.0377,3144.05,2590
2024-06-22,North,Desktop,5433.26,77,0.0495,2944.83,1645
2024-06-22,South,Mobile,3227.42,114,0.0239,2899.73,2710
2024-06-22,South,Desktop,3653.54,101,0.054,3400.04,1554
2024-06-23,East,Mobile,5092.64,102,0.0337,2948.68,2889
2024-06-23,East,Desktop,5736.49,93,0.0446,2991.24,1663
2024-06-23,West,Mobile,3841.81,99,0.0407,2682.54,3062
2024-06-23,West,Desktop,5410.55,103,0.05,2732.76,1247
2024-06-23,North,Mobile,3802.75,115,0.0298,2899.24,2671
2024-06-23,North,Desktop,4777.99,83,0.0555,2996.63,1531
2024-06-23,South,Mobile,3782.45,111,0.0359,3161.04,2765
2024-06-23,South,Desktop,4148.73,109,0.0424,2999.23,1599
2024-06-24,East,Mobile,4968.66,78,0.0348,2964.94,2966
2024-06-24,East,Desktop,5841.85,119,0.0518,3201.99,1756
2024-06-24,West,Mobile,4297.9,100,0.0355,2627.79,2813
2024-06-24,West,Desktop,5574.88,99,0.0407,2698.57,1548
2024-06-24,North,Mobile,4946.56,80,0.0284,3004.9,3030
2024-06-24,North,Desktop,5159.79,103,0.0394,2826.46,1588
2024-06-24,South,Mobile,3218.27,93,0.0337,2852.65,3100
2024-06-24,South,Desktop,4666.14,81,0.0403,2657.13,1422
2024-06-25,East,Mobile,4961.63,95,0.0335,2771.65,2979
2024-06-25,East,Desktop,5255.75,100,0.0445,2809.27,1367
2024-06-25,West,Mobile,4525.18,104,0.0364,2576.15,2881
2024-06-25,West,Desktop,4654.36,96,0.0449,2782.56,1643
2024-06-25,North,Mobile,4772.26,107,0.0276,3017.57,2895
2024-06-25,North,Desktop,4624.34,95,0.044,3240.84,1227
2024-06-25,South,Mobile,3960.98,88,0.0243,3176.99,2969
2024-06-25,South,Desktop,4676.54,109,0.0553,3083.81,1516
2024-06-26,East,Mobile,4803.25,114,0.0273,2902.22,2813
2024-06-26,East,Desktop,4573.98,101,0.0356,3007.96,1669
2024-06-26,West,Mobile,4039.77,120,0.0239,2685.99,2961
2024-06-26,West,Desktop,4658.67,132,0.0447,2423.78,1328
2024-06-26,North,Mobile,4175.19,98,0.0317,2955.33,2954
2024-06-26,North,Desktop,4844.95,76,0.0443,2644.88,1593
2024-06-26,South,Mobile,3329.48,101,0.0378,2857.69,3019
2024-06-26,South,Desktop,4102.65,121,0.0432,2873.93,1643
2024-06-27,East,Mobile,4512.01,89,0.0288,2993.31,3061
2024-06-27,East,Desktop,4649.0,100,0.0481,3029.02,1736
2024-06-27,West,Mobile,4175.02,97,0.0341,2547.59,2801
2024-06-27,West,Desktop,5622.97,92,0.0419,2468.08,1742
2024-06-27,North,Mobile,3154.85,104,0.0314,2747.87,2906
2024-06-27,North,Desktop,5190.3,107,0.0317,3204.96,1429
2024-06-27,South,Mobile,3810.92,108,0.0268,3099.07,2802
2024-06-27,South,Desktop,3545.73,114,0.0411,2871.83,1479
2024-06-28,East,Mobile,4776.82,99,0.0339,2799.08,2748
2024-06-28,East,Desktop,5448.96,122,0.0444,3162.78,1545
2024-06-28,West,Mobile,4037.49,97,0.0303,2611.51,3066
2024-06-28,West,Desktop,5555.38,114,0.0402,2482.45,1431
2024-06-28,North,Mobile,4356.91,95,0.0348,2860.35,2866
2024-06-28,North,Desktop,5274.74,75,0.0556,2957.53,1236
2024-06-28,South,Mobile,3658.19,100,0.0308,3148.68,2972
2024-06-28,South,Desktop,4351.28,105,0.0445,3266.32,1318
2024-06-29,East,Mobile,4727.23,100,0.0353,2873.42,2598
2024-06-29,East,Desktop,5569.0,103,0.0524,2809.45,1713
2024-06-29,West,Mobile,4995.45,95,0.0247,2483.42,2862
2024-06-29,West,Desktop,5643.56,92,0.0528,2393.73,1279
2024-06-29,North,Mobile,4626.28,72,0.0302,3467.65,2858
2024-06-29,North,Desktop,4551.69,99,0.0447,3024.1,1639
2024-06-29,South,Mobile,3312.2,120,0.0324,3109.02,2765
2024-06-29,South,Desktop,4687.37,96,0.0464,2860.03,1390
2024-06-30,East,Mobile,4932.39,94,0.0269,2903.52,2964
2024-06-30,East,Desktop,5223.22,98,0.0451,2712.4,1319
2024-06-30,West,Mobile,4312.99,91,0.0365,2657.54,2967
2024-06-30,West,Desktop,6186.14,99,0.0482,2460.93,1907
2024-06-30,North,Mobile,4924.44,100,0.0331,3203.89,2837
2024-06-30,North,Desktop,4737.35,110,0.0454,3027.45,1414
2024-06-30,South,Mobile,3116.09,102,0.0357,2966.13,3075
2024-06-30,South,Desktop,4010.67,87,0.0447,2987.61,1655
